video_name,predicted_class
video_1000,6
video_100051,9
video_100065,7
video_100078,14
video_100121,23
video_100164,10
video_100187,3
video_100195,30
video_100218,0
video_100219,30
video_100237,1
video_100249,28
video_100288,4
video_100315,5
video_100347,6
video_100445,22
video_100461,9
video_100490,0
video_100530,22
video_100557,19
video_100566,10
video_100581,9
video_100599,1
video_10064,30
video_100656,1
video_100766,5
video_10077,5
video_100827,1
video_100837,31
video_100865,12
video_100879,10
video_100889,4
video_10090,19
video_100934,12
video_101005,10
video_101012,12
video_101046,30
video_101051,3
video_101062,0
video_101174,30
video_101183,20
video_101229,28
video_101240,20
video_10125,9
video_101261,29
video_101298,28
video_101370,4
video_101401,28
video_101481,29
video_101514,12
video_101532,20
video_101559,9
video_101631,8
video_101665,12
video_101697,5
video_101722,12
video_101797,7
video_101814,5
video_101828,3
video_101854,16
video_101907,23
video_101908,31
video_101913,6
video_101922,31
video_101937,3
video_101978,10
video_101988,13
video_102053,1
video_102145,30
video_102185,9
video_10221,8
video_102257,8
video_102285,13
video_102323,8
video_102327,8
video_102333,25
video_102350,12
video_102367,7
video_102379,5
video_102396,1
video_102397,1
video_102471,12
video_102482,1
video_102495,1
video_10257,0
video_102598,28
video_102607,32
video_102636,8
video_102649,31
video_102695,29
video_102703,0
video_102747,14
video_10275,5
video_102769,8
video_102770,32
video_102799,1
video_102811,5
video_102832,22
video_102833,32
video_102871,8
video_102920,30
video_10294,28
video_102950,12
video_102977,7
video_102991,18
video_102996,31
video_103017,4
video_103028,13
video_103043,14
video_103045,7
video_103064,9
video_103120,22
video_103152,5
video_103155,1
video_103189,6
video_103288,28
video_103305,5
video_10331,28
video_103381,10
video_103439,4
video_103447,22
video_103491,14
video_103495,1
video_103511,1
video_103525,25
video_103534,12
video_103593,6
video_103684,22
video_103777,13
video_103789,9
video_10381,9
video_103815,32
video_103896,1
video_103914,9
video_103917,6
video_103923,17
video_103949,3
video_103960,4
video_103999,24
video_104062,14
video_104089,20
video_104098,14
video_104180,32
video_104201,4
video_104205,13
video_104233,5
video_104277,1
video_104331,1
video_104339,28
video_104363,26
video_10438,19
video_104386,24
video_104410,18
video_104414,22
video_104416,14
video_104424,29
video_10448,32
video_104482,30
video_104488,8
video_104516,29
video_104523,22
video_10455,1
video_104560,9
video_104592,28
video_104598,31
video_104602,28
video_104636,13
video_10465,0
video_104660,30
video_104734,6
video_104737,3
video_104755,1
video_104758,30
video_104762,28
video_104876,8
video_104880,28
video_104892,22
video_1049,12
video_104943,28
video_105004,3
video_105058,31
video_105082,3
video_105133,3
video_105141,30
video_105154,31
video_105187,8
video_105204,4
video_105280,6
video_105337,0
video_105364,22
video_105485,6
video_105550,9
video_105554,5
video_105563,5
video_10565,28
video_105653,2
video_105657,30
video_105670,10
video_105674,29
video_105738,28
video_10581,0
video_105855,22
video_105876,6
video_105904,17
video_105907,32
video_105933,5
video_105980,23
video_106008,1
video_10602,32
video_106065,30
video_106066,1
video_106121,29
video_106128,25
video_106153,14
video_106158,14
video_106201,14
video_106205,30
video_106226,9
video_106234,14
video_106299,32
video_106385,2
video_106464,19
video_106569,1
video_106589,13
video_106649,5
video_106690,6
video_106695,3
video_106768,14
video_106793,30
video_106868,21
video_106893,12
video_106897,21
video_106938,4
video_106969,5
video_106981,30
video_106982,24
video_10701,32
video_107027,8
video_107049,25
video_10705,12
video_107055,17
video_107056,21
video_107093,8
video_107124,6
video_107193,12
video_107200,31
video_107210,31
video_107220,2
video_107227,28
video_107241,25
video_107290,21
video_107311,6
video_10737,30
video_107379,6
video_10741,4
video_107428,31
video_107516,1
video_107540,12
video_107541,32
video_107552,6
video_107562,0
video_107653,29
video_107665,15
video_107684,9
video_107734,6
video_107746,1
video_107764,18
video_107807,1
video_107832,2
video_107841,14
video_107842,7
video_107904,1
video_107980,18
video_107991,14
video_107994,14
video_108009,9
video_108043,22
video_108059,5
video_108060,30
video_108078,19
video_108131,28
video_108194,23
video_108207,12
video_108214,14
video_108269,18
video_108298,12
video_108340,0
video_108354,1
video_108356,29
video_108370,4
video_108405,1
video_108428,1
video_10850,0
video_108511,6
video_10852,28
video_108534,4
video_108586,30
video_108594,2
video_1086,20
video_108605,10
video_108634,6
video_108639,24
video_108689,5
video_108692,31
video_10872,31
video_108751,14
video_108775,20
video_10879,14
video_108805,6
video_10886,14
video_108882,9
video_108893,1
video_108990,21
video_109000,21
video_109069,9
video_10910,14
video_109115,29
video_109117,0
video_109182,32
video_109199,3
video_10926,23
video_109275,29
video_109301,9
video_109323,21
video_10933,3
video_109345,20
video_109368,1
video_109372,21
video_109427,21
video_109438,9
video_109473,8
video_109556,3
video_109559,30
video_109585,21
video_109674,31
video_109691,12
video_109749,22
video_109762,23
video_109769,22
video_109779,1
video_109849,6
video_109896,30
video_109942,5
video_109974,22
video_109996,30
video_11,20
video_11000,32
video_110045,20
video_110088,6
video_110097,3
video_11014,0
video_110144,14
video_110227,3
video_110265,2
video_110277,8
video_110306,15
video_11033,18
video_110357,30
video_110415,10
video_110429,1
video_110466,6
video_110538,20
video_11062,29
video_110636,21
video_110644,29
video_11065,7
video_110652,14
video_110729,2
video_110739,6
video_110771,9
video_110787,9
video_110810,6
video_110831,14
video_110834,9
video_110914,12
video_110960,1
video_110981,18
video_110984,31
video_11102,5
video_111051,9
video_111096,5
video_11110,1
video_111126,16
video_111133,8
video_111136,17
video_111139,32
video_111399,29
video_111462,12
video_111481,14
video_111485,9
video_111498,0
video_111571,1
video_111572,10
video_111577,4
video_111611,12
video_111617,6
video_111622,5
video_111669,12
video_111685,0
video_111715,30
video_111734,30
video_111760,30
video_111776,32
video_111779,28
video_111782,3
video_111865,23
video_111916,25
video_111917,9
video_111951,5
video_111956,21
video_111980,5
video_111982,13
video_11202,1
video_112036,0
video_11205,7
video_112062,29
video_11207,14
video_11208,19
video_11211,23
video_112115,12
video_112127,21
video_112138,20
video_112145,0
video_112190,9
video_112203,0
video_112219,19
video_112242,11
video_112249,14
video_112323,31
video_112355,7
video_112359,30
video_112384,24
video_112398,3
video_112439,18
video_112446,20
video_112473,31
video_112520,32
video_112526,5
video_112562,4
video_1126,5
video_112623,14
video_112625,2
video_112634,8
video_112652,1
video_112693,28
video_112700,12
video_112729,30
video_112875,14
video_112887,3
video_112888,9
video_112914,1
video_112950,6
video_112960,3
video_112973,8
video_113032,6
video_113037,13
video_113039,1
video_113118,1
video_113150,13
video_113183,6
video_1132,6
video_113218,21
video_113255,28
video_113256,28
video_113299,30
video_113310,25
video_113400,4
video_113452,6
video_113518,5
video_113546,14
video_113560,1
video_113605,14
video_113665,1
video_113671,20
video_113754,14
video_113819,20
video_113835,14
video_113841,0
video_113891,25
video_113900,13
video_113956,5
video_113967,31
video_113985,19
video_114021,0
video_11403,12
video_114051,32
video_114167,22
video_114189,23
video_114197,21
video_114208,1
video_114223,2
video_114259,12
video_114288,12
video_114292,14
video_114302,10
video_114353,1
video_114369,23
video_114388,31
video_114391,12
video_114395,4
video_114420,12
video_114464,1
video_114483,22
video_114498,8
video_114519,18
video_114531,0
video_114559,30
video_114587,1
video_114598,22
video_114604,11
video_114623,30
video_114643,22
video_114684,19
video_114713,20
video_114801,7
video_114831,5
video_114882,4
video_11489,3
video_114919,14
video_114936,9
video_114952,28
video_114963,3
video_114970,20
video_114984,4
video_115029,28
video_115065,30
video_115077,1
video_115179,8
video_115199,23
video_115298,29
video_115317,24
video_115318,4
video_115328,7
video_11534,12
video_115340,1
video_11535,8
video_115363,23
video_115366,4
video_115388,6
video_115415,28
video_115442,14
video_115466,22
video_11547,6
video_115476,9
video_11549,18
video_115537,28
video_115558,31
video_115598,22
video_115603,1
video_115695,8
video_115696,12
video_115760,7
video_115769,8
video_115785,14
video_115787,22
video_11579,8
video_115798,28
video_115801,29
video_11583,8
video_115838,14
video_115941,4
video_116039,9
video_116089,8
video_116101,32
video_11611,9
video_116187,12
video_116215,0
video_116225,13
video_11630,18
video_116408,31
video_116409,0
video_116426,23
video_11645,9
video_116505,18
video_116542,24
video_116556,32
video_11656,7
video_116577,30
video_116587,20
video_116599,29
video_116628,23
video_116649,10
video_116678,9
video_116703,29
video_116752,29
video_11685,7
video_116890,14
video_1169,7
video_116908,24
video_116937,29
video_116994,1
video_11701,6
video_117122,6
video_117176,1
video_117181,23
video_117259,21
video_117275,6
video_117365,24
video_117405,13
video_11743,17
video_117476,4
video_117496,12
video_117503,9
video_117522,0
video_117529,25
video_117542,8
video_117545,3
video_117580,14
video_117607,1
video_117632,14
video_117657,19
video_11767,22
video_117709,6
video_117737,14
video_117783,23
video_117795,32
video_117812,29
video_117834,18
video_11784,24
video_11803,13
video_118034,2
video_118050,30
video_118060,23
video_118063,30
video_118081,9
video_118098,29
video_118127,6
video_118147,31
video_11815,6
video_118157,22
video_118198,25
video_118200,22
video_118215,31
video_118226,8
video_118249,12
video_118263,5
video_118330,29
video_118334,17
video_118337,19
video_118351,12
video_118390,5
video_118453,31
video_118513,7
video_118519,13
video_118522,25
video_118534,10
video_118548,31
video_118599,4
video_118630,12
video_118659,1
video_118665,21
video_118669,5
video_118683,4
video_118754,13
video_118765,19
video_118823,12
video_11886,7
video_118866,9
video_118883,0
video_118916,9
video_118928,12
video_118951,6
video_118952,4
video_119006,8
video_11901,12
video_119011,28
video_119036,10
video_119093,16
video_11912,22
video_119127,9
video_119150,5
video_11919,29
video_119202,12
video_119221,5
video_119226,23
video_119248,5
video_119290,29
video_119299,14
video_119309,9
video_119315,22
video_119363,12
video_119385,12
video_119389,0
video_119393,30
video_119399,22
video_11941,28
video_119490,3
video_11950,8
video_119574,31
video_119577,0
video_119583,1
video_119586,24
video_119591,12
video_119618,4
video_119665,13
video_11972,1
video_119725,28
video_119738,29
video_119741,12
video_119788,7
video_119804,17
video_119876,20
video_119893,21
video_119967,12
video_11997,8
video_119996,1
video_120039,25
video_120075,22
video_120104,31
video_120118,1
video_120170,17
video_120194,31
video_120234,30
video_120236,1
video_120251,5
video_120257,28
video_120281,12
video_120304,5
video_120325,23
video_120326,5
video_120327,0
video_12036,30
video_120390,12
video_120428,30
video_12044,31
video_120449,31
video_120451,14
video_120513,5
video_120634,12
video_120717,4
video_120732,32
video_120746,30
video_120778,0
video_120792,6
video_120814,5
video_120836,0
video_12091,1
video_120958,30
video_121018,9
video_121019,14
video_121050,8
video_121082,5
video_121102,9
video_121182,30
video_121186,4
video_121207,10
video_121219,3
video_121250,31
video_121275,2
video_121278,31
video_121292,8
video_121296,29
video_121298,25
video_121307,18
video_12131,32
video_121325,0
video_121326,10
video_121380,6
video_12141,29
video_12142,12
video_121493,6
video_121514,22
video_121522,31
video_121532,12
video_121539,21
video_121550,23
video_12157,5
video_121635,17
video_121695,30
video_12170,13
video_121702,6
video_121720,30
video_121758,1
video_121771,10
video_121777,6
video_121788,30
video_121789,5
video_121820,0
video_121900,21
video_121901,18
video_122044,31
video_122080,4
video_122086,9
video_122105,18
video_122168,18
video_12217,30
video_12218,1
video_122204,5
video_122209,23
video_122217,30
video_12234,23
video_12236,0
video_122415,21
video_122422,1
video_122504,12
video_122516,20
video_12256,9
video_122572,8
video_122574,21
video_122599,30
video_12262,12
video_122649,9
video_122651,32
video_122662,3
video_122688,32
video_122710,12
video_122797,32
video_12283,9
video_122845,6
video_122846,10
video_122860,30
video_122917,1
video_123008,0
video_12302,8
video_123077,4
video_12308,9
video_123082,8
video_123090,13
video_123093,28
video_123123,23
video_123128,6
video_123138,1
video_123222,9
video_123223,12
video_123234,30
video_123242,22
video_123244,1
video_123256,32
video_12328,32
video_123313,4
video_123343,23
video_123402,1
video_123408,1
video_123435,13
video_123443,30
video_123483,10
video_123495,25
video_123545,32
video_123561,6
video_123599,12
video_12360,4
video_123643,12
video_123707,9
video_123717,30
video_123726,32
video_123732,9
video_123788,18
video_12381,0
video_123857,30
video_12393,24
video_123963,12
video_123971,32
video_124002,21
video_124018,23
video_124021,17
video_124033,0
video_124034,11
video_124077,1
video_124091,4
video_12411,5
video_124190,12
video_124252,3
video_124281,28
video_124313,4
video_124345,17
video_124366,30
video_124375,30
video_124380,13
video_12446,21
video_124469,28
video_124481,20
video_124482,12
video_124589,9
video_124592,32
video_1246,3
video_124612,29
video_12466,1
video_124723,12
video_124724,19
video_124736,10
video_124751,12
video_124818,1
video_124826,12
video_124923,12
video_124933,14
video_124980,9
video_124999,12
video_125008,19
video_125019,30
video_125028,8
video_125094,9
video_125164,15
video_125179,19
video_125203,1
video_125275,12
video_125362,17
video_125460,6
video_125492,7
video_125504,23
video_125539,10
video_125554,19
video_125561,32
video_125596,6
video_125612,1
video_125613,30
video_125665,3
video_125666,30
video_125759,14
video_125843,30
video_125876,21
video_12590,29
video_125917,0
video_126002,16
video_126005,22
video_126016,18
video_126037,12
video_126088,5
video_126118,28
video_126190,32
video_126192,21
video_126275,20
video_126354,7
video_126366,9
video_126372,1
video_126388,12
video_126391,10
video_12641,28
video_126422,9
video_126493,31
video_126527,1
video_126536,1
video_126544,30
video_126568,12
video_126579,6
video_126636,1
video_12664,1
video_126651,3
video_126714,12
video_126778,6
video_126785,12
video_126802,6
video_12683,5
video_126869,3
video_126888,13
video_126911,8
video_12694,6
video_126969,30
video_126976,1
video_126984,18
video_127095,12
video_12712,9
video_127127,30
video_127130,18
video_127302,3
video_127355,30
video_127445,30
video_127502,24
video_127541,1
video_127547,29
video_127558,20
video_1276,0
video_127614,8
video_127731,9
video_127735,31
video_127745,32
video_127808,8
video_127820,14
video_127845,3
video_127892,0
video_127898,12
video_127922,32
video_12797,20
video_127979,31
video_128000,30
video_128010,12
video_128040,6
video_128111,4
video_128134,30
video_128190,31
video_128195,1
video_128244,18
video_128274,2
video_128329,3
video_128331,12
video_128358,6
video_128366,12
video_128370,6
video_128392,4
video_128409,10
video_128414,28
video_128459,2
video_128484,0
video_128580,32
video_128590,13
video_128605,29
video_128668,1
video_128686,1
video_128689,14
video_128705,9
video_128711,6
video_128716,31
video_128723,7
video_128729,3
video_128730,1
video_128761,29
video_128770,1
video_128799,22
video_128826,20
video_128895,5
video_128901,29
video_128911,12
video_128961,17
video_128964,4
video_128973,20
video_128977,12
video_129001,30
video_12901,6
video_129059,5
video_12908,12
video_12909,7
video_129096,10
video_129128,19
video_129136,1
video_129148,1
video_129171,10
video_12918,12
video_129283,30
video_129297,9
video_1293,6
video_129370,3
video_129377,2
video_12939,10
video_129400,30
video_129401,1
video_12941,6
video_129420,15
video_129423,1
video_129451,1
video_129493,32
video_129513,11
video_129536,24
video_129546,22
video_129553,19
video_12957,14
video_129595,29
video_129597,7
video_129662,4
video_129666,9
video_12970,30
video_129708,8
video_129748,22
video_129750,21
video_129761,13
video_129772,28
video_129810,21
video_12982,4
video_129896,13
video_12991,12
video_129936,0
video_129973,23
video_13,12
video_13002,29
video_130035,17
video_13009,6
video_130148,7
video_130160,5
video_130219,31
video_130253,8
video_130265,9
video_130276,8
video_130280,28
video_130297,8
video_130314,1
video_130324,31
video_13035,13
video_130358,7
video_130360,5
video_130403,7
video_130410,25
video_130415,5
video_130447,1
video_130459,31
video_130489,14
video_13049,23
video_130495,1
video_130513,5
video_13052,10
video_130558,16
video_130565,2
video_130675,29
video_130716,25
video_130723,28
video_130766,3
video_130796,15
video_130806,12
video_130847,1
video_130864,29
video_130894,28
video_130938,6
video_130940,14
video_13104,21
video_131067,32
video_131070,12
video_131191,20
video_131201,4
video_131204,30
video_131238,30
video_131274,31
video_131286,8
video_131323,6
video_131334,1
video_131357,22
video_131364,0
video_131380,1
video_131395,32
video_13146,22
video_131463,29
video_131524,28
video_131560,6
video_131588,9
video_131680,8
video_131698,1
video_131758,12
video_131794,9
video_131814,16
video_131832,21
video_131899,30
video_131906,28
video_13193,1
video_13195,29
video_131971,4
video_132052,12
video_132056,5
video_132090,14
video_132163,30
video_132201,9
video_132228,16
video_132256,22
video_132291,20
video_132295,1
video_132357,1
video_132368,5
video_132386,0
video_132439,13
video_132445,12
video_132446,1
video_132457,19
video_132474,8
video_132537,1
video_132540,25
video_132564,8
video_132576,32
video_132586,14
video_132607,28
video_132639,14
video_132687,0
video_132709,23
video_132775,29
video_132797,8
video_132809,1
video_132831,14
video_132849,29
video_132867,12
video_13295,8
video_132985,23
video_132988,9
video_133012,0
video_133062,25
video_133075,1
video_133086,9
video_133100,9
video_133122,29
video_133128,6
video_133135,6
video_133213,7
video_133221,6
video_133228,18
video_133233,8
video_133237,31
video_133247,31
video_13330,0
video_133309,4
video_133357,9
video_133374,10
video_133379,30
video_133398,28
video_133412,4
video_133446,12
video_133464,10
video_13347,12
video_133584,29
video_133594,21
video_133633,23
video_133645,24
video_133647,31
video_133658,19
video_133685,28
video_1337,4
video_133705,17
video_133786,30
video_133818,22
video_133855,3
video_133889,30
video_13389,14
video_133895,5
video_133896,28
video_133922,5
video_133926,10
video_133956,29
video_133974,3
video_133987,3
video_134103,12
video_134112,5
video_134135,18
video_134160,30
video_134163,14
video_134202,20
video_13422,1
video_134302,30
video_134315,21
video_134327,12
video_134359,12
video_134382,8
video_134384,25
video_134395,24
video_134411,10
video_134412,7
video_134455,14
video_134495,22
video_134502,1
video_134542,8
video_134616,12
video_134619,14
video_134623,1
video_134634,1
video_134636,0
video_134643,6
video_134674,0
video_134693,30
video_134696,6
video_134705,20
video_134725,23
video_134743,0
video_134745,1
video_134771,3
video_134788,7
video_134850,20
video_134857,4
video_134858,28
video_134882,0
video_134902,0
video_134910,29
video_134912,22
video_134923,12
video_134933,6
video_134943,6
video_134965,22
video_134995,3
video_135013,12
video_135018,0
video_135037,25
video_135079,22
video_135110,6
video_135129,31
video_135189,12
video_1352,21
video_135216,14
video_135218,14
video_135220,30
video_135231,12
video_135251,1
video_135345,7
video_135366,18
video_135371,8
video_135378,32
video_135397,31
video_135408,12
video_135471,22
video_135505,29
video_135560,28
video_135576,5
video_135592,3
video_135599,14
video_135640,30
video_135681,1
video_135752,19
video_135793,0
video_135797,21
video_135804,6
video_135834,5
video_135872,7
video_135892,32
video_136013,29
video_136033,14
video_136038,0
video_136075,30
video_136083,7
video_136099,32
video_136105,1
video_13611,28
video_136117,0
video_136119,1
video_136124,30
video_13615,14
video_136203,4
video_136217,3
video_136234,24
video_136299,29
video_136316,22
video_136333,6
video_136373,9
video_136388,0
video_136430,25
video_136450,6
video_136496,29
video_136512,14
video_136525,5
video_136544,3
video_136587,28
video_136588,9
video_136674,9
video_136703,13
video_13673,31
video_136751,22
video_136752,1
video_136754,6
video_136786,30
video_136792,9
video_136796,3
video_136801,9
video_136806,30
video_13682,7
video_136847,20
video_136889,30
video_136912,12
video_136913,9
video_136915,1
video_136956,18
video_136979,20
video_136980,9
video_137036,14
video_137097,9
video_137106,12
video_13713,3
video_137158,1
video_137167,28
video_137196,7
video_137226,10
video_137289,30
video_137300,3
video_137332,29
video_137355,8
video_137366,23
video_13737,25
video_137419,12
video_137420,3
video_137463,0
video_137466,13
video_137485,4
video_137493,9
video_137524,20
video_137532,14
video_137566,3
video_137605,1
video_137615,28
video_137628,30
video_137691,22
video_137694,30
video_137738,31
video_137774,1
video_137903,23
video_137975,12
video_138039,10
video_138040,13
video_138111,1
video_138172,31
video_138234,23
video_138328,6
video_138334,32
video_138349,5
video_138401,1
video_138402,28
video_13846,20
video_138503,12
video_138511,30
video_138556,31
video_138632,9
video_138635,9
video_138641,5
video_13865,3
video_13866,1
video_138708,12
video_138776,12
video_138779,28
video_138812,2
video_138846,9
video_138851,12
video_138898,0
video_138900,6
video_138930,3
video_138940,12
video_138943,1
video_139022,17
video_139071,4
video_139078,1
video_139234,21
video_139347,13
video_139399,6
video_139403,1
video_139418,1
video_139469,3
video_139526,14
video_13957,0
video_1396,8
video_139616,12
video_139667,14
video_139668,9
video_139792,29
video_139809,5
video_139839,1
video_13987,10
video_139894,14
video_139973,7
video_139982,12
video_14000,24
video_140010,31
video_140029,9
video_140090,22
video_140107,19
video_140126,20
video_140127,29
video_140149,0
video_14015,6
video_140160,19
video_140168,7
video_140176,12
video_140182,3
video_140188,31
video_140195,6
video_140226,28
video_140251,5
video_140257,12
video_140277,23
video_140382,21
video_140457,4
video_140475,7
video_140519,14
video_140551,5
video_14058,4
video_140595,8
video_140601,9
video_140624,14
video_140676,32
video_140693,22
video_140708,25
video_140714,30
video_140764,18
video_140839,21
video_140852,12
video_140855,5
video_140869,29
video_140873,7
video_140960,9
video_14099,21
video_141000,7
video_141011,30
video_141014,9
video_141020,29
video_141033,22
video_141034,25
video_14104,0
video_141053,24
video_141079,29
video_14109,1
video_141157,30
video_141183,6
video_141258,7
video_141265,19
video_141339,5
video_141359,1
video_141393,19
video_141430,1
video_141490,31
video_141491,5
video_141518,13
video_141571,15
video_141639,29
video_14165,14
video_141654,31
video_14168,1
video_141681,30
video_141694,0
video_14174,14
video_141760,25
video_141877,18
video_141914,6
video_141931,14
video_141942,14
video_141946,12
video_141949,29
video_141985,6
video_1420,29
video_142031,30
video_142036,32
video_142057,9
video_142067,31
video_142080,14
video_142081,12
video_1421,29
video_142119,2
video_142243,3
video_142275,10
video_142311,0
video_142313,12
video_142328,6
video_142334,25
video_14237,6
video_142445,8
video_142453,0
video_142458,18
video_14246,5
video_142467,5
video_14259,6
video_142671,9
video_142756,9
video_142759,22
video_142809,8
video_142812,4
video_14284,5
video_142865,9
video_142867,6
video_142896,8
video_142899,32
video_142910,12
video_142956,9
video_14296,1
video_142988,3
video_143003,32
video_143057,5
video_143064,6
video_143068,4
video_143070,11
video_143127,23
video_143171,9
video_143172,0
video_143190,10
video_143213,23
video_143256,0
video_143347,1
video_143441,9
video_143461,0
video_143526,6
video_143547,9
video_143647,1
video_1437,7
video_143726,8
video_143735,3
video_143750,28
video_143789,30
video_143794,14
video_143798,32
video_143852,7
video_143876,7
video_143914,30
video_14392,6
video_143933,3
video_143945,19
video_143956,0
video_143965,3
video_143992,3
video_144005,12
video_144029,6
video_144048,14
video_144053,0
video_144069,9
video_144083,9
video_14414,24
video_144149,4
video_144170,1
video_144179,0
video_144184,32
video_144237,21
video_144286,20
video_144301,12
video_144333,30
video_144340,6
video_144370,6
video_144376,18
video_144394,1
video_144413,20
video_144438,6
video_144483,6
video_144491,1
video_144561,0
video_144569,28
video_14459,3
video_144632,12
video_144704,28
video_144741,9
video_144751,3
video_144777,30
video_144806,2
video_144847,19
video_14494,5
video_14495,32
video_144972,8
video_144983,1
video_145034,7
video_145077,29
video_145079,6
video_145135,17
video_145244,3
video_145248,5
video_145251,12
video_145291,24
video_1453,20
video_145356,28
video_145404,31
video_145405,23
video_145422,5
video_145477,6
video_145483,9
video_145495,6
video_1455,21
video_145539,30
video_145585,0
video_145603,5
video_145604,1
video_145650,9
video_145676,28
video_145693,14
video_145702,31
video_145800,9
video_145804,28
video_145871,6
video_145927,23
video_145997,32
video_146068,1
video_14608,1
video_146085,8
video_146166,18
video_146186,18
video_146200,24
video_14621,3
video_146233,9
video_146237,0
video_146267,22
video_14627,19
video_146293,1
video_146313,5
video_146323,9
video_146327,3
video_146372,29
video_146377,32
video_146382,1
video_146413,21
video_14642,9
video_146424,20
video_146425,21
video_146553,1
video_146555,21
video_146573,9
video_146592,23
video_146630,7
video_146634,30
video_1467,9
video_146733,23
video_146765,7
video_146778,1
video_14678,6
video_146788,29
video_146803,29
video_146862,8
video_146882,5
video_146924,28
video_146950,9
video_147005,14
video_147017,1
video_147026,23
video_1471,9
video_147174,30
video_147187,31
video_147194,30
video_147200,0
video_147290,31
video_147305,1
video_147327,0
video_147414,9
video_147423,13
video_147521,1
video_147610,12
video_147644,14
video_147663,12
video_147693,12
video_147704,3
video_147764,21
video_147911,9
video_147948,20
video_147951,19
video_147972,1
video_147996,3
video_148054,22
video_148065,2
video_148068,1
video_148202,9
video_148242,31
video_148245,9
video_148251,1
video_148252,32
video_148271,29
video_148305,19
video_148399,8
video_148465,5
video_148478,0
video_148527,31
video_148633,14
video_14864,5
video_148663,1
video_148674,5
video_148676,7
video_148759,32
video_148824,14
video_148825,12
video_148846,29
video_148857,12
video_148877,2
video_148922,18
video_148929,5
video_148934,4
video_148956,14
video_148959,25
video_149053,29
video_14907,26
video_149091,5
video_149093,14
video_149106,10
video_149125,4
video_149146,9
video_14921,9
video_149215,1
video_149226,22
video_149251,6
video_149253,12
video_149326,12
video_149340,14
video_149342,20
video_149375,5
video_149407,10
video_14943,12
video_149433,22
video_14945,30
video_149539,6
video_149602,12
video_149609,4
video_149620,14
video_149686,17
video_149690,29
video_149691,4
video_149727,20
video_149730,32
video_149746,3
video_149776,8
video_149794,30
video_149815,22
video_149850,23
video_149867,20
video_149885,14
video_149889,20
video_149933,6
video_149955,18
video_149957,5
video_149962,18
video_149982,21
video_15001,14
video_150049,17
video_150053,1
video_150114,1
video_150115,31
video_15013,10
video_150142,8
video_150152,12
video_150196,3
video_150210,28
video_150219,6
video_150231,16
video_150276,17
video_150322,21
video_150361,19
video_150372,29
video_150385,1
video_150425,1
video_150432,30
video_150446,12
video_150454,3
video_150478,0
video_150488,20
video_150546,23
video_150578,13
video_150619,32
video_150675,24
video_150679,5
video_150696,9
video_150718,14
video_150725,30
video_150727,3
video_150746,6
video_150865,17
video_150897,6
video_150908,6
video_150954,8
video_151075,0
video_151076,9
video_15109,1
video_151113,29
video_151163,3
video_151191,4
video_151209,3
video_151245,10
video_151251,4
video_151315,1
video_151325,6
video_151347,3
video_151410,29
video_151440,9
video_151470,21
video_151494,30
video_151502,32
video_151525,28
video_151557,9
video_151621,22
video_15167,5
video_151703,1
video_15171,32
video_151713,5
video_151748,3
video_151794,10
video_151817,10
video_151826,24
video_151840,30
video_151850,30
video_151890,0
video_151898,5
video_151918,24
video_151920,31
video_151966,5
video_151969,32
video_151971,30
video_151988,6
video_152014,29
video_152067,12
video_152082,18
video_152126,1
video_15214,22
video_152191,3
video_152311,30
video_152330,20
video_152332,9
video_152347,22
video_152388,5
video_152411,20
video_152433,14
video_152435,14
video_152498,3
video_152521,6
video_152568,14
video_152590,14
video_15260,10
video_152661,9
video_152764,21
video_152765,17
video_152848,7
video_152897,14
video_152901,20
video_152913,22
video_152930,32
video_15295,0
video_152962,5
video_153002,22
video_153016,10
video_153050,14
video_153093,20
video_153150,10
video_153156,30
video_153176,21
video_153206,14
video_153318,29
video_153334,12
video_153403,14
video_153406,28
video_153408,1
video_153436,1
video_153456,12
video_153472,7
video_153475,18
video_153488,7
video_15353,6
video_153616,29
video_15362,0
video_153674,13
video_153681,22
video_153737,10
video_153808,14
video_153833,17
video_153857,21
video_153933,31
video_153956,1
video_153987,29
video_153993,8
video_154021,32
video_15405,4
video_154075,1
video_154086,7
video_154102,22
video_154125,18
video_154134,1
video_154184,7
video_154235,0
video_154248,14
video_154284,11
video_15433,30
video_154408,32
video_154466,10
video_154495,5
video_154522,31
video_154538,4
video_154659,1
video_15471,9
video_154719,10
video_154725,1
video_154853,5
video_154878,24
video_154893,5
video_154901,4
video_155,29
video_15501,23
video_15502,9
video_155035,9
video_155036,18
video_155047,8
video_155074,28
video_155107,32
video_155115,13
video_155122,0
video_155219,12
video_155253,12
video_155263,3
video_155281,17
video_155318,9
video_155320,25
video_155349,7
video_15536,0
video_155393,10
video_155428,29
video_15548,8
video_155484,22
video_155507,21
video_155630,8
video_155662,23
video_155667,7
video_155698,1
video_155799,5
video_155800,14
video_155865,32
video_155867,18
video_155871,12
video_155888,22
video_155912,9
video_155944,2
video_156014,18
video_156049,24
video_156081,10
video_156111,9
video_156128,14
video_156143,8
video_156179,29
video_156215,20
video_156237,12
video_156263,30
video_156277,1
video_156314,6
video_156328,30
video_15638,32
video_156388,1
video_156389,16
video_156399,32
video_156416,29
video_156442,4
video_156448,12
video_156452,23
video_156467,24
video_156510,29
video_156513,6
video_156551,21
video_156667,3
video_156700,12
video_15671,0
video_156787,6
video_156811,30
video_156848,17
video_156861,1
video_156878,30
video_156932,30
video_156961,28
video_157007,6
video_157079,17
video_157103,0
video_157135,8
video_157153,12
video_157163,1
video_157189,7
video_157194,29
video_157295,18
video_157383,3
video_15740,31
video_157485,21
video_157558,23
video_15756,29
video_157612,32
video_157624,9
video_157677,1
video_157688,0
video_157727,6
video_157776,21
video_157791,0
video_157833,5
video_15789,29
video_158047,25
video_158139,9
video_158154,31
video_158184,21
video_158191,12
video_158202,5
video_158212,17
video_158215,1
video_158263,1
video_158302,21
video_158326,24
video_158328,10
video_158348,9
video_158350,0
video_158377,1
video_158385,23
video_158387,23
video_158424,12
video_158440,14
video_158497,8
video_158505,0
video_158566,9
video_158607,10
video_158637,7
video_158649,12
video_158657,23
video_158666,9
video_158676,9
video_158678,25
video_158712,11
video_158718,28
video_158743,20
video_158766,23
video_158780,13
video_15880,6
video_158819,13
video_158826,18
video_158836,23
video_158859,0
video_158866,9
video_15891,13
video_158998,4
video_159009,28
video_159087,23
video_159092,30
video_159139,29
video_159150,9
video_159156,21
video_159171,23
video_159173,6
video_159178,30
video_159186,8
video_159199,4
video_159218,9
video_159227,7
video_159261,21
video_159274,1
video_159292,12
video_159323,16
video_159388,23
video_159522,31
video_159545,3
video_159550,12
video_159561,4
video_159616,9
video_159633,14
video_15964,22
video_159839,3
video_159853,5
video_159861,25
video_159887,31
video_159940,9
video_159944,28
video_159955,1
video_159974,14
video_159978,18
video_159984,8
video_159985,11
video_15999,18
video_160064,3
video_16010,24
video_160118,0
video_16012,6
video_160123,14
video_160177,20
video_16018,29
video_160188,29
video_160242,30
video_160244,6
video_160248,4
video_160340,1
video_16036,28
video_160395,1
video_160516,28
video_160527,7
video_160579,23
video_160609,1
video_16061,17
video_160614,1
video_16063,1
video_160642,30
video_160654,22
video_160670,28
video_160722,1
video_160733,5
video_160740,5
video_160829,14
video_160847,3
video_160854,14
video_16086,31
video_160861,30
video_160869,22
video_160882,14
video_160889,30
video_160903,0
video_160960,5
video_16097,12
video_161019,1
video_16106,6
video_161080,9
video_161118,30
video_161122,1
video_161135,4
video_161136,31
video_161153,12
video_161198,19
video_1612,12
video_161226,14
video_161230,29
video_161261,10
video_161262,13
video_161272,14
video_161348,30
video_161391,1
video_161402,23
video_161413,9
video_161425,30
video_161445,8
video_161478,12
video_16151,14
video_161545,30
video_161565,30
video_161570,23
video_161590,30
video_161606,1
video_161612,1
video_161629,23
video_161707,30
video_161726,6
video_16177,1
video_161789,10
video_161803,8
video_161804,29
video_161827,32
video_161966,18
video_161994,1
video_162,31
video_162006,15
video_162060,21
video_162110,12
video_162157,7
video_162170,8
video_162195,29
video_162210,30
video_162216,23
video_16222,22
video_162230,23
video_162260,1
video_162279,1
video_162286,1
video_16229,30
video_162342,24
video_162355,12
video_162365,8
video_162389,1
video_162423,4
video_162434,25
video_16247,22
video_162567,14
video_162568,12
video_162577,3
video_162612,30
video_162660,3
video_162708,7
video_162725,0
video_162733,30
video_162741,1
video_162778,1
video_162815,18
video_162816,28
video_162837,31
video_162840,1
video_162847,6
video_162886,7
video_162919,30
video_162930,14
video_162935,9
video_162950,25
video_16297,28
video_163045,29
video_163102,29
video_16316,12
video_163178,2
video_163184,3
video_163209,32
video_163211,22
video_16322,22
video_163239,8
video_163274,12
video_163276,14
video_163287,12
video_163325,12
video_163356,30
video_163367,15
video_163415,22
video_163437,24
video_163451,4
video_163452,12
video_163455,28
video_163464,18
video_16347,18
video_1635,4
video_16356,10
video_163582,18
video_16360,18
video_163640,19
video_163722,5
video_163744,1
video_163812,10
video_163818,9
video_163866,17
video_163873,4
video_163882,4
video_163924,10
video_164015,31
video_164020,3
video_164033,8
video_164035,14
video_164052,10
video_164075,0
video_164091,28
video_164120,10
video_164136,31
video_16415,12
video_164268,20
video_164311,21
video_164312,0
video_164316,30
video_164333,22
video_164341,1
video_164345,10
video_164350,9
video_164409,9
video_164434,3
video_164477,28
video_164489,9
video_164506,30
video_164526,25
video_164575,7
video_164580,3
video_164591,32
video_16461,31
video_16462,8
video_16464,30
video_164689,7
video_164702,30
video_164704,30
video_16472,0
video_164738,20
video_164752,28
video_164782,14
video_164789,28
video_164822,1
video_164833,28
video_164879,30
video_164888,1
video_164899,29
video_16491,3
video_164922,9
video_164944,17
video_164949,1
video_164958,29
video_164962,3
video_164988,5
video_164992,31
video_165020,22
video_165063,32
video_165084,6
video_165089,6
video_165111,18
video_165247,12
video_16530,9
video_165314,1
video_165321,28
video_165392,0
video_165394,19
video_165439,3
video_165456,12
video_16546,29
video_165472,24
video_165473,0
video_165493,20
video_165563,21
video_165602,9
video_165633,0
video_16564,13
video_165654,19
video_165661,23
video_165721,21
video_165722,32
video_165758,28
video_165773,19
video_165777,0
video_165783,25
video_165839,12
video_165864,3
video_16590,25
video_165904,19
video_16592,23
video_165926,20
video_16594,18
video_165944,0
video_165958,24
video_16598,3
video_166051,12
video_166066,21
video_166117,14
video_166146,29
video_166155,12
video_166167,31
video_166189,10
video_166268,9
video_166279,29
video_166284,4
video_166310,9
video_166313,30
video_166391,28
video_166429,8
video_166473,5
video_166510,6
video_166516,19
video_166528,18
video_166533,7
video_166545,14
video_166594,5
video_166623,20
video_166679,30
video_166740,10
video_166747,5
video_166822,23
video_166918,20
video_16692,14
video_166928,12
video_166930,28
video_166998,5
video_167016,3
video_167087,18
video_167125,30
video_167217,20
video_167234,3
video_1673,7
video_167305,4
video_16731,29
video_167368,3
video_167375,6
video_167402,31
video_167429,30
video_167454,7
video_167467,24
video_167481,6
video_167600,1
video_167619,19
video_167673,6
video_167692,29
video_167696,12
video_167712,12
video_167724,8
video_167742,14
video_167752,23
video_167755,1
video_167757,14
video_167774,30
video_167817,7
video_167824,18
video_167902,19
video_167955,4
video_167978,6
video_168012,1
video_168026,4
video_168064,25
video_168095,22
video_1681,30
video_168139,23
video_168158,30
video_168302,20
video_168328,8
video_168399,18
video_168422,9
video_168472,13
video_168490,3
video_168665,5
video_168686,6
video_168695,9
video_168739,22
video_168759,14
video_168767,1
video_16877,21
video_168817,5
video_168830,1
video_16885,6
video_168869,30
video_168886,14
video_168895,32
video_168901,1
video_168909,20
video_168920,12
video_168925,6
video_168955,12
video_168979,28
video_16898,0
video_169008,4
video_169077,1
video_169109,29
video_169140,19
video_16915,1
video_169182,12
video_169243,23
video_169252,5
video_169282,3
video_169290,22
video_169304,1
video_169320,6
video_169340,8
video_169341,8
video_169345,22
video_169366,13
video_169407,32
video_16941,5
video_169427,15
video_169455,6
video_169486,14
video_169557,29
video_169596,30
video_16964,9
video_169680,8
video_169722,1
video_169741,25
video_169744,23
video_169752,1
video_16976,7
video_169762,9
video_169798,31
video_169823,29
video_169869,23
video_169902,3
video_169979,6
video_169988,12
video_170048,32
video_170059,10
video_170060,9
video_170072,18
video_170102,10
video_170117,14
video_170133,3
video_170201,4
video_17022,4
video_17025,5
video_170311,9
video_170348,9
video_170370,30
video_17041,8
video_170448,20
video_170473,8
video_170477,0
video_170545,19
video_170582,14
video_170589,0
video_170620,1
video_170669,1
video_170695,25
video_170697,10
video_170745,30
video_170755,31
video_17078,23
video_170825,14
video_170978,20
video_171009,12
video_171090,14
video_171120,0
video_171143,24
video_171171,1
video_171176,22
video_171197,8
video_171247,14
video_171265,30
video_171266,9
video_171314,23
video_171385,30
video_171425,21
video_171530,30
video_171532,30
video_171561,29
video_17165,19
video_171654,9
video_1717,6
video_171700,30
video_171714,1
video_171727,9
video_171735,29
video_17175,0
video_171773,31
video_171799,12
video_171840,12
video_171857,30
video_171858,1
video_171860,23
video_171902,30
video_171916,20
video_171928,5
video_171930,19
video_171943,5
video_171978,1
video_171990,6
video_172005,30
video_172016,5
video_172035,23
video_172048,31
video_172053,1
video_172065,6
video_172071,4
video_172085,14
video_172126,2
video_172137,9
video_172148,16
video_172153,0
video_172178,9
video_172210,0
video_17222,14
video_172278,19
video_172298,12
video_172311,22
video_172324,5
video_172376,20
video_172396,4
video_172441,30
video_172484,10
video_172534,9
video_172562,0
video_172593,1
video_17260,7
video_172615,5
video_17263,25
video_172659,32
video_172668,30
video_172691,21
video_172723,12
video_172806,23
video_172825,30
video_172850,30
video_172862,28
video_172875,8
video_172894,5
video_172950,31
video_172996,2
video_173004,12
video_173032,30
video_173054,14
video_17313,1
video_173138,29
video_173141,6
video_173165,23
video_17318,18
video_173213,16
video_173217,12
video_173223,8
video_173236,29
video_173271,30
video_173332,24
video_173334,3
video_173356,30
video_173381,1
video_173445,3
video_173473,12
video_173482,24
video_173493,14
video_173517,7
video_173518,3
video_17352,6
video_173543,14
video_17355,1
video_173560,2
video_17357,23
video_173583,29
video_173589,1
video_17359,12
video_173608,5
video_173636,4
video_173672,20
video_173822,14
video_173826,9
video_173830,19
video_173868,9
video_173891,28
video_173899,29
video_173935,9
video_173958,9
video_173961,1
video_173973,8
video_173976,23
video_174018,2
video_17402,8
video_174029,10
video_17403,12
video_174059,20
video_174107,30
video_17412,14
video_174161,20
video_174177,30
video_174201,3
video_174266,9
video_174278,30
video_174321,30
video_174357,1
video_174359,5
video_174368,20
video_174383,3
video_174391,1
video_174403,23
video_174408,1
video_174413,23
video_1745,13
video_174528,5
video_174601,23
video_174602,18
video_174661,9
video_174697,24
video_174701,10
video_174727,12
video_17477,14
video_174833,1
video_174848,12
video_174849,31
video_174883,22
video_174888,1
video_174910,24
video_174916,12
video_174937,1
video_174944,12
video_174968,17
video_17499,4
video_174998,8
video_175001,23
video_175042,7
video_175047,0
video_175102,9
video_175106,1
video_175134,2
video_175226,25
video_175241,0
video_175249,11
video_175262,7
video_175310,12
video_175316,1
video_175333,6
video_175351,30
video_175368,30
video_175411,24
video_175424,30
video_175433,9
video_175485,25
video_175504,3
video_175514,12
video_175523,7
video_175530,2
video_175611,28
video_175651,9
video_175773,20
video_175784,8
video_175787,14
video_175820,29
video_175893,9
video_175898,18
video_175906,3
video_175928,14
video_175943,29
video_175950,23
video_17596,17
video_176002,7
video_176044,0
video_176084,29
video_176100,6
video_17613,30
video_176138,9
video_176184,29
video_176210,6
video_176260,12
video_176279,12
video_176376,3
video_176380,9
video_176387,8
video_176394,0
video_176427,30
video_176430,18
video_176490,29
video_176526,30
video_176536,2
video_176575,12
video_176636,17
video_176646,19
video_176658,14
video_176693,3
video_17671,9
video_176751,9
video_176752,1
video_176783,3
video_176796,1
video_176812,9
video_17687,6
video_176886,5
video_176900,2
video_176985,25
video_177022,3
video_17706,9
video_177062,3
video_177121,7
video_17718,32
video_177208,0
video_177210,14
video_177232,6
video_177391,6
video_177458,30
video_177477,20
video_177504,12
video_177511,0
video_177520,14
video_177529,12
video_17755,30
video_17756,22
video_177566,14
video_177588,4
video_177605,3
video_177613,24
video_177670,5
video_177681,31
video_177692,3
video_177706,4
video_177732,22
video_177781,8
video_177792,22
video_177828,29
video_177856,22
video_177892,1
video_177914,1
video_177942,3
video_177983,19
video_178016,1
video_178030,1
video_178031,0
video_178040,28
video_178078,12
video_178092,9
video_178096,31
video_178140,30
video_178175,0
video_178180,23
video_178184,23
video_178196,29
video_178286,12
video_178303,32
video_178328,4
video_178365,20
video_178394,28
video_178412,5
video_178414,31
video_178460,7
video_178469,21
video_178498,23
video_178504,28
video_178505,5
video_178524,1
video_178532,24
video_178537,22
video_178553,1
video_178607,30
video_178614,1
video_178619,7
video_17862,19
video_178707,22
video_17871,9
video_178766,20
video_178811,9
video_178826,32
video_178881,12
video_178898,20
video_178930,3
video_178981,22
video_178997,21
video_179008,7
video_179020,9
video_179036,14
video_179052,10
video_179056,18
video_179109,13
video_179146,14
video_179236,29
video_179241,0
video_179242,31
video_179250,14
video_179258,12
video_179275,14
video_179287,22
video_179290,9
video_179291,9
video_179333,21
video_179348,5
video_179372,22
video_179374,30
video_179417,12
video_179486,28
video_179587,29
video_179591,0
video_179632,18
video_179658,28
video_179707,1
video_17975,29
video_179752,29
video_179760,1
video_179784,22
video_179826,18
video_179878,2
video_17988,10
video_179911,28
video_179919,1
video_179955,23
video_179966,12
video_179980,6
video_179984,7
video_180003,9
video_180014,22
video_180060,19
video_180064,28
video_180107,13
video_180150,21
video_180157,32
video_180181,12
video_180184,1
video_180202,29
video_180232,12
video_180282,14
video_1803,6
video_180314,21
video_180335,29
video_180415,32
video_180427,0
video_180433,23
video_180437,1
video_180441,29
video_18045,22
video_180469,5
video_180477,12
video_180506,6
video_180539,13
video_180546,12
video_180579,1
video_180748,13
video_180762,18
video_180800,17
video_180808,25
video_180813,12
video_180821,1
video_18085,21
video_180875,7
video_180926,4
video_180943,1
video_180961,32
video_180994,13
video_181005,30
video_181047,1
video_181113,7
video_181176,1
video_181201,8
video_181218,29
video_181221,12
video_18128,9
video_181308,13
video_181333,20
video_181355,32
video_181361,22
video_181395,24
video_181453,6
video_181469,28
video_181472,24
video_18149,23
video_181525,23
video_181562,7
video_181675,3
video_181700,10
video_181723,4
video_181743,9
video_181771,4
video_181780,30
video_181843,3
video_181855,14
video_181884,29
video_182010,28
video_18211,17
video_182116,31
video_182145,30
video_182213,24
video_182234,12
video_182289,10
video_18229,12
video_182308,5
video_182310,19
video_182334,12
video_182356,14
video_182409,30
video_182412,1
video_182449,18
video_182469,7
video_182499,29
video_182500,6
video_182541,19
video_182612,20
video_182624,17
video_182746,32
video_182765,1
video_182822,10
video_182872,19
video_182883,1
video_182901,23
video_182927,1
video_182931,31
video_182956,3
video_182984,6
video_182992,9
video_18304,30
video_183071,4
video_183084,3
video_183088,3
video_183127,1
video_183161,5
video_18317,30
video_18319,7
video_183213,17
video_183220,0
video_18326,28
video_183325,14
video_183360,19
video_183369,18
video_183383,22
video_183395,16
video_183419,9
video_183441,21
video_183445,5
video_183446,13
video_183476,30
video_183481,28
video_183509,5
video_183561,13
video_183562,4
video_183587,13
video_183617,29
video_183634,17
video_183647,9
video_183665,31
video_183704,1
video_183780,1
video_183785,30
video_183819,21
video_183822,31
video_183842,28
video_183857,4
video_183871,9
video_183886,30
video_183895,4
video_183896,3
video_183903,23
video_183907,6
video_183910,3
video_183918,32
video_183994,0
video_184055,12
video_184071,23
video_184076,3
video_184105,29
video_184151,24
video_184156,1
video_184217,1
video_184250,14
video_184259,4
video_184260,23
video_184299,9
video_184352,21
video_184363,9
video_184367,5
video_184542,32
video_184576,6
video_184586,5
video_184594,0
video_18464,21
video_184664,9
video_184729,2
video_184738,17
video_18474,3
video_184752,23
video_184777,18
video_184787,17
video_184839,6
video_184885,21
video_184912,9
video_184915,4
video_185172,31
video_185179,12
video_185222,1
video_185238,18
video_185254,32
video_185273,32
video_185347,28
video_185412,9
video_185433,10
video_185450,14
video_185452,25
video_18546,18
video_18549,31
video_185505,1
video_185524,15
video_185564,1
video_185623,3
video_185678,11
video_185694,24
video_185744,14
video_185750,1
video_185783,10
video_185812,1
video_185850,12
video_185859,29
video_185869,1
video_185874,20
video_185898,22
video_185911,0
video_185971,1
video_186010,5
video_186028,22
video_186047,9
video_186051,9
video_186134,3
video_186147,18
video_186174,7
video_186178,17
video_186199,6
video_186257,8
video_186306,7
video_186308,1
video_186359,14
video_186363,29
video_186377,6
video_186420,19
video_186429,24
video_18644,9
video_186486,9
video_186490,30
video_186497,28
video_186561,28
video_186581,24
video_186611,29
video_186637,12
video_186657,9
video_186812,1
video_186832,5
video_186840,9
video_186869,4
video_186981,29
video_186983,9
video_186997,32
video_187008,1
video_187019,8
video_18703,18
video_187092,18
video_187119,22
video_187123,0
video_187154,17
video_187205,25
video_187208,9
video_187259,24
video_187266,9
video_187267,3
video_187313,29
video_187333,32
video_187339,25
video_187348,1
video_187364,30
video_187367,1
video_187436,30
video_187461,4
video_187538,6
video_187545,6
video_187548,28
video_187570,0
video_18758,1
video_18762,2
video_18765,12
video_187650,10
video_187652,12
video_187725,31
video_187736,8
video_187763,21
video_187811,9
video_187826,9
video_187837,1
video_187865,9
video_187929,12
video_187945,13
video_187972,13
video_188023,8
video_188045,0
video_188098,21
video_188128,21
video_188135,14
video_188205,4
video_188210,3
video_18835,11
video_188354,22
video_188370,22
video_188380,7
video_188389,0
video_188414,23
video_188448,9
video_188456,22
video_188520,21
video_188545,7
video_188554,12
video_188565,9
video_18858,28
video_188645,31
video_188690,28
video_188736,1
video_188738,20
video_188750,0
video_188753,7
video_188807,14
video_188812,9
video_188822,1
video_18892,6
video_189004,31
video_189163,28
video_189179,26
video_189181,8
video_189253,1
video_189263,25
video_189288,8
video_189293,12
video_189299,1
video_189339,5
video_189378,1
video_189384,5
video_189415,22
video_189431,5
video_189549,28
video_189573,9
video_189612,7
video_189637,8
video_189648,9
video_189709,14
video_189724,1
video_189754,32
video_18978,8
video_18982,14
video_189826,1
video_18987,29
video_1899,1
video_189912,5
video_189922,0
video_189958,6
video_19002,0
video_190047,1
video_19008,3
video_1901,28
video_190116,30
video_190150,22
video_190160,14
video_190206,14
video_190216,31
video_190231,1
video_190240,0
video_190277,24
video_19028,9
video_190291,8
video_190308,32
video_190315,28
video_190328,9
video_190355,3
video_19037,14
video_190390,21
video_1904,12
video_190402,1
video_190418,0
video_190433,1
video_190526,14
video_190548,32
video_190550,7
video_190588,7
video_190618,10
video_190633,14
video_190635,7
video_190637,19
video_190653,7
video_190656,0
video_190736,4
video_190772,10
video_190798,6
video_190802,6
video_190813,10
video_190843,31
video_190867,6
video_190929,28
video_190979,15
video_19103,30
video_191051,12
video_191094,14
video_191103,17
video_191116,9
video_191126,30
video_191216,8
video_191252,20
video_191274,14
video_19128,9
video_191317,4
video_191372,6
video_191374,9
video_191387,12
video_1914,1
video_191478,12
video_191554,28
video_191617,29
video_191633,19
video_191655,22
video_191672,18
video_191679,14
video_191755,5
video_191794,12
video_191823,17
video_191830,31
video_19188,1
video_191886,5
video_191943,12
video_191994,20
video_192031,6
video_192042,3
video_192080,25
video_192139,9
video_192163,22
video_192176,23
video_19218,12
video_192221,20
video_192227,6
video_19224,14
video_192246,0
video_192284,1
video_192295,9
video_192340,5
video_192402,9
video_192404,12
video_192429,9
video_192444,28
video_192448,10
video_192464,29
video_192479,20
video_192497,20
video_192502,14
video_192590,12
video_192620,12
video_192646,22
video_192656,30
video_192681,0
video_192713,14
video_192742,1
video_192804,29
video_192890,22
video_192891,4
video_192911,12
video_19297,1
video_193022,12
video_193027,9
video_193039,22
video_193044,24
video_193058,5
video_193081,20
video_193094,0
video_193118,32
video_193126,1
video_19315,5
video_193158,8
video_193227,7
video_193245,9
video_193330,2
video_193339,14
video_193346,9
video_193393,32
video_193395,23
video_193427,8
video_193446,23
video_193467,1
video_193481,6
video_193539,10
video_193561,9
video_193631,22
video_19366,19
video_193665,1
video_193812,29
video_193823,32
video_193836,12
video_193881,28
video_193893,0
video_193915,6
video_193982,14
video_193990,6
video_193995,8
video_193999,21
video_194146,18
video_194177,32
video_194193,5
video_19422,18
video_19423,6
video_194259,32
video_194261,31
video_194302,9
video_194305,12
video_194362,28
video_194365,0
video_194510,7
video_194515,32
video_194572,1
video_194626,3
video_194636,30
video_194661,30
video_194665,12
video_194690,9
video_194694,3
video_1947,8
video_19470,14
video_194701,23
video_194707,10
video_194738,7
video_194752,3
video_194770,9
video_194813,0
video_194871,14
video_194910,6
video_194968,21
video_195030,19
video_195054,12
video_195069,31
video_195070,5
video_195079,28
video_195095,1
video_195137,3
video_195170,22
video_19527,14
video_19529,6
video_195291,20
video_195325,1
video_19533,13
video_195346,4
video_195361,1
video_195377,3
video_195426,12
video_195436,13
video_195512,14
video_19554,23
video_195556,14
video_195659,8
video_195687,1
video_195712,30
video_195822,1
video_195856,30
video_195862,9
video_195892,8
video_195944,4
video_195947,22
video_195973,12
video_195978,29
video_196014,0
video_196029,12
video_196071,12
video_196073,29
video_196280,12
video_196322,7
video_196338,22
video_196339,3
video_196348,8
video_196371,31
video_19638,23
video_196439,13
video_19649,14
video_196513,29
video_196518,5
video_196551,8
video_196601,29
video_196619,13
video_196634,32
video_196667,1
video_196704,6
video_196711,12
video_196727,4
video_196739,23
video_196813,29
video_196850,12
video_196873,20
video_196914,21
video_196922,0
video_197033,12
video_197035,3
video_197078,13
video_197150,0
video_197212,18
video_197218,24
video_197246,7
video_19726,21
video_197285,31
video_197304,7
video_197305,9
video_197307,0
video_197326,32
video_197460,4
video_197467,1
video_197521,6
video_197550,12
video_197567,5
video_197570,31
video_197632,0
video_197637,12
video_197638,6
video_197722,8
video_197731,14
video_197753,1
video_197781,4
video_197804,23
video_197827,28
video_197863,14
video_197893,32
video_197909,14
video_197916,7
video_19793,8
video_197932,5
video_198061,14
video_19808,22
video_198097,20
video_198135,9
video_198137,14
video_198196,9
video_19820,13
video_198255,2
video_198274,31
video_19829,30
video_198292,23
video_198305,6
video_19835,12
video_198354,30
video_198355,29
video_198358,14
video_198363,30
video_198373,6
video_198396,30
video_198398,23
video_198411,9
video_198425,6
video_198480,2
video_198532,14
video_198555,8
video_198558,29
video_198568,10
video_198627,5
video_198632,17
video_198636,9
video_198658,12
video_198721,0
video_19873,5
video_198818,22
video_198830,9
video_198895,9
video_198910,30
video_198917,4
video_198958,9
video_198960,4
video_198983,21
video_199026,14
video_199033,32
video_199053,8
video_199083,22
video_199084,14
video_199139,20
video_19914,5
video_199195,22
video_199216,4
video_199265,17
video_19930,1
video_199323,0
video_199349,12
video_199379,29
video_199407,29
video_199529,12
video_199586,9
video_199613,30
video_199686,4
video_199718,22
video_199731,2
video_199852,3
video_199859,5
video_199860,30
video_199891,19
video_1999,7
video_199914,6
video_199938,6
video_199943,22
video_199952,14
video_199954,0
video_199969,6
video_200048,14
video_200070,23
video_200135,17
video_200150,17
video_200156,12
video_200157,10
video_200171,9
video_200177,29
video_200209,31
video_200216,14
video_200228,28
video_200236,3
video_200291,8
video_200321,1
video_200326,7
video_200327,1
video_200348,8
video_200352,21
video_200385,29
video_200411,0
video_200440,0
video_200442,1
video_200463,25
video_200582,30
video_200595,22
video_200622,10
video_200624,20
video_200693,21
video_200703,31
video_200786,7
video_200802,31
video_200850,13
video_200874,2
video_200965,9
video_200969,4
video_20098,12
video_201042,9
video_201079,30
video_201095,6
video_201114,20
video_201126,9
video_201139,1
video_201153,10
video_201174,24
video_201199,14
video_201213,8
video_201222,19
video_201256,17
video_201267,5
video_201277,4
video_201291,18
video_201295,12
video_201326,28
video_201407,0
video_201444,1
video_201451,12
video_201457,4
video_201500,3
video_201503,4
video_201519,9
video_20155,30
video_201639,30
video_201652,3
video_201723,8
video_201733,23
video_201820,14
video_201856,7
video_20186,1
video_201873,29
video_201891,1
video_201905,1
video_201912,18
video_201932,28
video_201948,30
video_201955,12
video_201969,19
video_202005,23
video_202007,30
video_202035,20
video_202044,14
video_202097,30
video_202136,3
video_202161,30
video_202191,31
video_202193,28
video_202215,1
video_202223,3
video_20225,14
video_20227,25
video_202311,28
video_202387,0
video_202393,32
video_202452,4
video_2025,32
video_202515,4
video_202534,31
video_202577,8
video_202578,5
video_202593,1
video_202635,23
video_202639,3
video_202648,19
video_202666,3
video_202700,31
video_202706,4
video_202710,2
video_202739,1
video_20274,0
video_202745,23
video_202798,30
video_202894,3
video_202922,7
video_202932,14
video_202937,17
video_20297,32
video_202971,3
video_202976,29
video_20301,30
video_203022,9
video_20303,29
video_203069,32
video_203155,9
video_203178,6
video_203241,31
video_203245,0
video_203261,32
video_203264,28
video_203321,9
video_203329,1
video_203365,4
video_203386,9
video_203388,14
video_203390,21
video_203443,20
video_203446,1
video_203458,1
video_203480,21
video_203484,12
video_203486,20
video_203494,14
video_203515,1
video_203526,28
video_203557,1
video_203572,10
video_203606,29
video_203607,31
video_203674,14
video_203675,10
video_20369,8
video_203738,24
video_203812,0
video_203831,25
video_203876,13
video_203889,5
video_20392,21
video_203962,30
video_203964,8
video_203984,28
video_203987,9
video_203998,18
video_204002,9
video_204004,30
video_204020,6
video_204066,18
video_204077,9
video_204078,22
video_204091,23
video_204102,25
video_204117,32
video_204179,7
video_204195,18
video_204252,8
video_204283,10
video_204320,14
video_204363,12
video_204460,20
video_204461,3
video_204467,0
video_204510,21
video_20453,29
video_204538,30
video_20465,19
video_204653,3
video_204688,3
video_204699,3
video_204730,1
video_204745,4
video_204834,14
video_204903,14
video_204930,30
video_204975,7
video_204989,19
video_205019,5
video_205043,6
video_205052,23
video_205055,0
video_205080,32
video_205153,21
video_205157,0
video_205176,2
video_205224,23
video_205322,11
video_20541,30
video_205431,14
video_205536,23
video_205549,1
video_205579,5
video_205599,30
video_205628,24
video_205647,9
video_20566,22
video_205675,25
video_205699,30
video_205709,6
video_205711,18
video_205712,0
video_205755,1
video_205772,4
video_205808,0
video_205823,1
video_205836,5
video_205845,20
video_205879,12
video_205895,17
video_205907,19
video_205925,19
video_205929,32
video_205947,14
video_206018,1
video_206032,8
video_206087,7
video_20614,1
video_206140,14
video_206173,5
video_206196,9
video_20624,30
video_20625,5
video_206271,31
video_206277,5
video_206278,23
video_206301,20
video_20634,31
video_206352,6
video_206363,30
video_206386,17
video_206431,7
video_206458,31
video_206461,6
video_206464,28
video_206472,6
video_206543,29
video_206547,9
video_206712,23
video_206718,14
video_206777,8
video_206778,19
video_206802,22
video_206901,23
video_206908,12
video_206959,0
video_206976,30
video_2070,1
video_207006,1
video_207057,20
video_207091,1
video_207092,31
video_207203,12
video_207218,7
video_207219,30
video_207253,22
video_207293,14
video_207294,9
video_207324,29
video_20734,22
video_207371,7
video_207381,1
video_207415,9
video_207434,14
video_207463,29
video_207485,22
video_207538,30
video_207562,6
video_207631,12
video_207675,23
video_2077,31
video_207711,22
video_207743,10
video_207758,30
video_207764,5
video_207787,10
video_207788,1
video_20779,30
video_207878,4
video_207957,23
video_207958,15
video_207964,22
video_207965,31
video_207978,21
video_208,1
video_208008,5
video_20804,32
video_208053,0
video_208082,4
video_208089,22
video_208120,1
video_208140,23
video_208153,3
video_208159,21
video_208161,30
video_208164,10
video_208170,14
video_208183,2
video_208187,6
video_208239,9
video_208241,29
video_208293,1
video_208317,1
video_208319,3
video_208358,31
video_208378,3
video_208477,31
video_208480,9
video_208489,0
video_208498,29
video_208549,20
video_208583,7
video_208593,32
video_208624,7
video_208704,32
video_208756,9
video_20883,2
video_208849,1
video_208906,10
video_208986,6
video_209119,22
video_209135,5
video_209181,7
video_209211,1
video_209242,12
video_209303,29
video_209318,4
video_209333,7
video_209340,31
video_20935,0
video_209377,17
video_209390,1
video_209391,8
video_209456,1
video_209489,9
video_209527,20
video_209570,12
video_209591,17
video_209638,16
video_20966,14
video_209685,0
video_209707,28
video_209747,7
video_209793,24
video_209803,24
video_209815,9
video_209816,9
video_209822,14
video_209850,1
video_209881,12
video_209922,9
video_209927,4
video_20996,10
video_209991,12
video_210006,1
video_210015,4
video_210016,4
video_210027,0
video_210034,1
video_210086,12
video_21010,13
video_210102,5
video_210112,19
video_210148,9
video_210170,0
video_210197,22
video_210363,21
video_210377,31
video_210379,28
video_21039,9
video_210416,7
video_210420,3
video_210475,9
video_21048,17
video_210532,10
video_210540,14
video_210547,31
video_210571,6
video_21060,3
video_210622,4
video_210685,12
video_210708,9
video_210717,21
video_210792,25
video_210813,12
video_210820,0
video_210893,9
video_21092,7
video_210936,3
video_211021,19
video_211026,30
video_21103,17
video_211063,7
video_21109,29
video_211105,12
video_211147,1
video_211174,12
video_211177,29
video_211192,18
video_211214,3
video_211302,3
video_211327,5
video_211332,29
video_211388,1
video_211395,0
video_211405,1
video_211422,15
video_211576,30
video_211594,9
video_211733,8
video_211746,1
video_21188,5
video_21189,5
video_2119,14
video_211907,8
video_21196,1
video_211976,20
video_211988,1
video_212045,14
video_212077,29
video_212087,12
video_212093,4
video_212103,1
video_212108,12
video_212159,23
video_212193,1
video_212255,9
video_21227,12
video_212285,9
video_212298,1
video_212339,5
video_212385,9
video_212397,0
video_212402,5
video_21242,4
video_212433,21
video_212435,1
video_212439,0
video_212513,12
video_212641,24
video_212663,14
video_212675,9
video_212772,0
video_212849,29
video_212875,1
video_212886,9
video_212933,24
video_212962,0
video_212968,14
video_213015,14
video_213016,21
video_213054,8
video_213186,12
video_213223,1
video_21323,12
video_213248,5
video_213282,18
video_213285,12
video_213287,6
video_213303,30
video_213374,9
video_213375,4
video_213419,3
video_213445,3
video_213482,19
video_213489,28
video_213492,12
video_213494,9
video_213507,29
video_21352,1
video_213540,2
video_21356,1
video_213570,1
video_213596,1
video_213654,31
video_213706,19
video_213736,31
video_213769,5
video_213771,20
video_213789,31
video_213818,9
video_213820,12
video_213849,3
video_213852,30
video_213979,25
video_214057,14
video_214075,29
video_214079,1
video_214096,22
video_21410,1
video_21413,22
video_214143,3
video_214156,24
video_214259,20
video_214282,9
video_214298,9
video_21430,9
video_214326,30
video_21441,30
video_214474,14
video_214499,6
video_214514,6
video_214542,7
video_214547,30
video_21455,32
video_214560,9
video_214591,9
video_214627,9
video_214645,1
video_214665,5
video_214672,14
video_214683,7
video_214713,29
video_214758,3
video_214780,25
video_214812,30
video_214868,30
video_214908,8
video_21498,0
video_214986,23
video_215001,2
video_215013,5
video_215031,1
video_215037,2
video_215038,23
video_215040,1
video_215043,32
video_215073,8
video_215084,4
video_215130,31
video_21516,0
video_215175,12
video_215201,5
video_21521,3
video_215260,30
video_215267,19
video_21533,7
video_215372,0
video_215415,8
video_215420,3
video_215423,8
video_215443,6
video_215455,32
video_215483,6
video_215510,19
video_21554,30
video_215544,8
video_215567,8
video_215617,16
video_215620,13
video_21567,23
video_21577,14
video_215802,18
video_21582,22
video_215846,14
video_215877,12
video_215908,6
video_215933,0
video_215940,0
video_215982,9
video_216011,29
video_216029,6
video_216056,12
video_216061,5
video_216080,30
video_216083,1
video_216084,8
video_216228,18
video_21628,8
video_21634,29
video_216371,1
video_216490,1
video_216495,16
video_216502,30
video_216522,9
video_216581,4
video_216644,30
video_216695,12
video_216702,6
video_21671,6
video_216710,6
video_216721,9
video_216766,0
video_216805,8
video_216812,1
video_216824,3
video_216892,8
video_216916,13
video_216919,14
video_216944,3
video_216955,10
video_216957,5
video_216976,15
video_217007,21
video_217008,14
video_217010,14
video_217032,7
video_217046,4
video_21710,21
video_217101,6
video_217113,13
video_217148,1
video_217169,10
video_217175,30
video_217206,12
video_217318,1
video_217319,0
video_217323,12
video_217375,6
video_217407,23
video_217474,5
video_217532,28
video_217538,25
video_217561,12
video_217599,0
video_217654,29
video_217658,13
video_217708,12
video_217767,7
video_217773,1
video_2178,9
video_217881,22
video_217882,1
video_217884,1
video_217951,3
video_217962,20
video_218024,28
video_218160,9
video_218176,7
video_218241,9
video_21825,10
video_218279,14
video_218297,1
video_218322,6
video_218351,30
video_21836,14
video_21842,9
video_21846,19
video_218488,30
video_218519,14
video_218540,0
video_218545,2
video_218546,7
video_218600,18
video_218653,1
video_218688,5
video_218724,14
video_218734,12
video_218754,12
video_218786,23
video_218840,19
video_218855,12
video_218933,14
video_218975,1
video_218982,8
video_2190,9
video_219025,21
video_219040,9
video_219041,12
video_219061,2
video_219082,8
video_219098,10
video_219142,30
video_219143,12
video_219246,29
video_219265,17
video_219273,9
video_21929,13
video_219417,8
video_219469,12
video_219472,29
video_219496,3
video_219582,12
video_219624,7
video_219632,9
video_219686,3
video_219702,24
video_219707,17
video_219723,5
video_21980,8
video_219809,1
video_219826,5
video_219855,6
video_219862,16
video_219879,9
video_219885,12
video_219903,1
video_219945,8
video_219987,21
video_219988,14
video_22000,4
video_220002,25
video_220017,0
video_220066,30
video_220141,32
video_220180,12
video_220211,0
video_220221,31
video_220283,20
video_220348,4
video_220370,31
video_220477,31
video_220508,28
video_220549,18
video_220586,12
video_220623,9
video_22068,6
video_22069,14
video_220696,9
video_220746,0
video_220747,5
video_220770,7
video_220812,5
video_220846,32
video_22096,3
video_22120,1
video_22142,5
video_22153,10
video_22247,12
video_22248,0
video_22289,19
video_22322,20
video_22328,14
video_2238,9
video_22403,18
video_22441,8
video_22442,30
video_22445,7
video_22507,17
video_22547,21
video_22605,0
video_22626,23
video_22640,8
video_22716,6
video_22718,23
video_22749,3
video_2275,29
video_22760,3
video_22766,1
video_22770,14
video_22866,23
video_22891,0
video_22907,30
video_22945,23
video_23006,28
video_23028,1
video_23049,12
video_23056,10
video_23060,14
video_23203,1
video_23236,12
video_23237,31
video_23251,1
video_23288,18
video_23321,23
video_23405,7
video_23418,9
video_23419,12
video_23456,0
video_23467,9
video_23489,12
video_23502,30
video_23555,30
video_23557,21
video_23627,1
video_23631,5
video_23693,31
video_23725,22
video_23779,9
video_23790,14
video_23815,32
video_23824,30
video_23902,29
video_23939,2
video_23962,8
video_23964,9
video_24092,4
video_24101,1
video_24161,4
video_24214,7
video_24225,1
video_24251,6
video_24351,14
video_2439,14
video_24390,18
video_24439,9
video_24453,10
video_24510,22
video_24538,4
video_24540,30
video_24570,1
video_24607,1
video_2464,14
video_24690,24
video_24694,1
video_24713,14
video_24722,0
video_24757,1
video_24771,5
video_24810,31
video_2484,9
video_24841,7
video_24869,19
video_24901,24
video_24916,1
video_24936,1
video_2495,21
video_24953,23
video_24956,32
video_25016,32
video_25030,25
video_25054,1
video_25056,29
video_25154,22
video_2518,1
video_25263,1
video_25325,32
video_25362,21
video_25369,9
video_25390,4
video_25391,18
video_25417,28
video_25459,7
video_25460,4
video_25553,30
video_2557,3
video_25698,1
video_257,1
video_25749,28
video_25766,1
video_25767,23
video_25778,6
video_25780,12
video_25826,31
video_25856,20
video_25862,14
video_25930,10
video_25934,30
video_25936,4
video_2596,12
video_26015,8
video_26059,12
video_26069,1
video_2607,5
video_26070,12
video_26074,29
video_26100,0
video_26143,12
video_26153,17
video_26168,9
video_26194,14
video_26197,12
video_26219,4
video_26318,30
video_26363,31
video_26388,5
video_26452,12
video_2647,2
video_2651,14
video_26515,23
video_26523,32
video_26540,30
video_26566,17
video_26613,30
video_26662,31
video_26666,30
video_26686,25
video_2672,4
video_26798,3
video_26840,28
video_26882,1
video_26930,22
video_26964,1
video_2703,1
video_27075,6
video_27090,13
video_27159,10
video_2716,12
video_27182,17
video_27200,12
video_27227,8
video_27250,12
video_27261,10
video_27271,5
video_27276,6
video_27288,0
video_27289,12
video_27328,22
video_27338,0
video_27378,1
video_27385,12
video_27406,6
video_27408,3
video_27435,21
video_27443,14
video_27468,23
video_27498,0
video_2762,12
video_27671,32
video_27676,9
video_27686,1
video_27694,13
video_27696,14
video_27717,3
video_27743,1
video_27751,28
video_27764,29
video_27782,12
video_27805,22
video_27866,3
video_27871,5
video_27885,29
video_27888,1
video_27915,0
video_27931,28
video_27934,31
video_27956,9
video_27983,17
video_28001,30
video_28023,30
video_28117,5
video_28150,6
video_28171,29
video_28242,8
video_28273,28
video_28286,8
video_28291,9
video_2832,2
video_28323,29
video_28355,29
video_28367,28
video_28412,32
video_28441,14
video_28454,28
video_28506,12
video_28511,3
video_28625,9
video_28632,12
video_28637,30
video_2865,18
video_28662,1
video_28677,4
video_28680,19
video_28692,24
video_28695,4
video_28696,13
video_28726,8
video_28737,25
video_28780,6
video_28784,1
video_2881,0
video_28833,8
video_28837,12
video_28945,29
video_28950,30
video_29010,23
video_29032,6
video_29035,14
video_2905,2
video_29058,26
video_29090,1
video_29147,8
video_29158,30
video_29168,12
video_29203,30
video_29207,19
video_29248,1
video_29271,6
video_2928,28
video_29286,31
video_29388,1
video_29436,0
video_2964,3
video_29669,24
video_29685,20
video_29688,10
video_29706,30
video_29723,5
video_2973,5
video_29733,30
video_2976,17
video_29772,3
video_29786,1
video_29817,5
video_29844,5
video_29868,1
video_29877,30
video_29880,3
video_29901,1
video_29935,29
video_29940,13
video_29946,22
video_29965,0
video_30043,4
video_30044,5
video_30076,9
video_30088,7
video_30093,9
video_30101,28
video_30139,32
video_30142,30
video_30158,16
video_30164,14
video_30184,7
video_3019,17
video_30204,29
video_30232,32
video_30255,25
video_30326,4
video_30338,0
video_30342,9
video_30343,12
video_30374,3
video_30408,20
video_30425,0
video_30466,9
video_30523,9
video_30527,31
video_30528,1
video_30541,23
video_30551,1
video_30598,12
video_30643,12
video_30679,31
video_3068,29
video_3069,22
video_30732,10
video_30857,14
video_30863,25
video_30864,28
video_30865,28
video_30870,1
video_30879,14
video_30888,7
video_30924,1
video_30958,7
video_30980,9
video_30982,22
video_30996,6
video_31046,6
video_31096,0
video_31102,30
video_3117,12
video_31217,9
video_31240,30
video_31253,20
video_31283,17
video_31334,22
video_31336,9
video_31396,28
video_31446,9
video_31465,29
video_31466,16
video_31490,25
video_31505,12
video_31507,6
video_31549,8
video_31564,22
video_31611,9
video_31670,22
video_31675,12
video_31699,29
video_31743,14
video_31802,1
video_31876,17
video_31881,30
video_3189,1
video_31925,8
video_31975,16
video_32007,14
video_32150,9
video_32177,32
video_3222,22
video_32238,13
video_32255,4
video_32276,1
video_32285,12
video_32322,28
video_32393,0
video_32411,1
video_32440,10
video_32462,31
video_32473,4
video_32485,4
video_32495,6
video_32530,6
video_32535,12
video_32669,32
video_3273,7
video_32748,9
video_32798,12
video_3288,10
video_32905,14
video_32935,13
video_32936,9
video_32997,19
video_32999,9
video_33027,6
video_33077,12
video_33125,5
video_33165,1
video_33179,13
video_33214,3
video_3325,9
video_33268,14
video_33275,1
video_33318,29
video_33336,32
video_33376,17
video_33403,0
video_33410,22
video_3342,29
video_33424,25
video_33428,24
video_33460,4
video_33510,8
video_33524,30
video_33589,19
video_33596,8
video_33673,17
video_33716,20
video_33840,14
video_33850,3
video_33874,0
video_33907,5
video_3391,10
video_33912,1
video_33920,12
video_33947,9
video_33970,29
video_33979,14
video_34021,1
video_34025,0
video_3410,30
video_34115,11
video_34160,22
video_34167,3
video_34226,9
video_34227,17
video_34237,22
video_34239,6
video_34259,31
video_34321,4
video_3434,12
video_34353,18
video_34390,0
video_34397,7
video_34407,12
video_34474,14
video_34476,29
video_34513,28
video_34519,8
video_34588,30
video_3459,5
video_34591,5
video_34595,22
video_34644,14
video_34696,1
video_34711,21
video_34721,30
video_34723,19
video_3473,14
video_34734,18
video_34823,30
video_34834,1
video_34883,5
video_34964,28
video_34981,28
video_34991,29
video_35000,12
video_35045,1
video_35082,0
video_35141,20
video_35166,14
video_35182,9
video_3519,6
video_35195,29
video_35275,29
video_35358,32
video_35361,31
video_35447,4
video_35452,0
video_35460,20
video_35461,14
video_35495,9
video_355,15
video_35524,31
video_35546,8
video_35590,3
video_35647,12
video_35658,10
video_35705,1
video_35753,1
video_35854,12
video_35918,9
video_35928,22
video_35932,10
video_35942,10
video_35969,3
video_35972,12
video_35973,30
video_35984,20
video_36050,6
video_36115,10
video_36171,22
video_36313,31
video_3639,9
video_36447,5
video_36463,10
video_36472,19
video_36489,4
video_36531,8
video_36624,2
video_36638,5
video_36666,19
video_36707,10
video_36740,1
video_36756,10
video_36757,5
video_36780,1
video_36811,8
video_36817,31
video_36821,9
video_36853,22
video_36884,23
video_36902,1
video_36959,6
video_36969,29
video_37034,3
video_37041,32
video_37298,6
video_37310,31
video_37343,29
video_37384,12
video_37409,11
video_37482,1
video_3753,7
video_37547,18
video_3756,8
video_37600,32
video_37614,28
video_37628,1
video_37671,5
video_37695,22
video_37699,5
video_37711,12
video_37758,8
video_37760,29
video_37840,18
video_37852,1
video_37866,0
video_37874,22
video_37877,1
video_37961,24
video_3798,19
video_37993,21
video_37999,29
video_38067,9
video_38077,6
video_38078,30
video_38107,9
video_38126,4
video_38129,3
video_38132,5
video_38227,3
video_3824,1
video_38268,12
video_38294,0
video_38319,19
video_38320,29
video_38330,7
video_38334,1
video_38354,12
video_38360,30
video_3841,12
video_38468,12
video_38478,20
video_38480,21
video_38492,30
video_38536,7
video_38544,4
video_38582,1
video_38618,3
video_3864,4
video_38647,21
video_38652,14
video_38663,1
video_38670,31
video_38706,20
video_38739,9
video_38773,12
video_38790,8
video_38809,30
video_38812,7
video_38818,7
video_38858,24
video_38938,22
video_39058,2
video_39059,1
video_39069,17
video_39072,9
video_39114,31
video_39115,6
video_39116,14
video_39121,12
video_39149,32
video_39188,9
video_39226,30
video_39253,14
video_3926,24
video_39272,4
video_39279,8
video_39304,4
video_39340,25
video_39341,21
video_39373,25
video_39419,30
video_39428,6
video_39442,29
video_39545,23
video_3956,7
video_39571,4
video_39582,19
video_39609,9
video_39633,22
video_39649,3
video_39677,2
video_3975,5
video_3980,13
video_3981,20
video_39821,1
video_39953,10
video_400,6
video_4000,6
video_40017,24
video_40060,3
video_401,23
video_40100,30
video_40160,5
video_40188,14
video_4022,18
video_40248,1
video_40289,22
video_40300,30
video_40325,12
video_40362,5
video_40364,13
video_40429,8
video_40436,10
video_40490,1
video_40497,23
video_40508,29
video_40546,30
video_40552,29
video_40572,14
video_40687,9
video_40692,30
video_407,28
video_40762,22
video_40763,4
video_40765,1
video_40829,23
video_4085,0
video_40866,21
video_40892,13
video_40900,22
video_40943,29
video_40975,12
video_40988,29
video_41018,19
video_41092,5
video_41122,5
video_41146,6
video_41152,6
video_41164,31
video_41249,12
video_41251,24
video_41258,25
video_4127,1
video_41281,1
video_41283,5
video_41317,29
video_41451,30
video_41461,19
video_4148,9
video_41484,28
video_4149,32
video_41525,21
video_41532,30
video_41533,2
video_41562,14
video_4157,14
video_41589,19
video_41606,30
video_41751,4
video_41763,14
video_41770,14
video_41808,0
video_41905,0
video_41976,30
video_4200,10
video_42023,6
video_42099,14
video_42177,0
video_42221,12
video_42261,6
video_42270,12
video_42288,1
video_4229,5
video_42307,0
video_42364,5
video_42386,28
video_42460,3
video_42476,3
video_42525,16
video_42622,23
video_42646,18
video_42703,31
video_42711,9
video_42719,32
video_42724,12
video_42726,5
video_42757,18
video_42779,14
video_43,7
video_43003,9
video_43028,1
video_43029,30
video_43030,8
video_4304,7
video_4306,7
video_4307,23
video_43114,12
video_4315,24
video_43242,28
video_43244,18
video_43250,13
video_43339,5
video_43388,6
video_43394,6
video_43399,14
video_43402,25
video_43427,0
video_43452,8
video_43457,0
video_43485,4
video_4350,29
video_43622,29
video_43649,17
video_43667,8
video_43670,0
video_43746,6
video_43753,20
video_43762,12
video_43789,12
video_438,6
video_43897,0
video_4390,9
video_43903,28
video_43921,20
video_43947,1
video_43974,6
video_43997,31
video_43998,12
video_44001,30
video_44011,23
video_44013,32
video_44030,25
video_44062,31
video_4408,6
video_44120,30
video_44124,21
video_44178,0
video_44216,32
video_44272,5
video_4428,20
video_44384,23
video_44406,29
video_44417,23
video_4449,7
video_44490,29
video_4450,19
video_44535,32
video_44541,3
video_44569,4
video_44584,7
video_44642,5
video_44646,0
video_44654,14
video_44678,9
video_44761,30
video_44764,8
video_44779,20
video_44783,30
video_44790,16
video_44791,0
video_44805,9
video_44874,0
video_4489,23
video_44920,20
video_44944,28
video_45003,21
video_45029,30
video_45071,1
video_45101,22
video_45117,0
video_45173,8
video_45218,30
video_45245,14
video_45271,21
video_45280,12
video_45289,23
video_45296,1
video_45359,32
video_45360,18
video_45380,19
video_45407,4
video_45439,12
video_45498,9
video_45555,23
video_45576,10
video_45591,14
video_45601,22
video_4568,29
video_45798,9
video_45804,12
video_45810,12
video_45831,19
video_45832,20
video_45875,8
video_4588,14
video_45881,31
video_45924,8
video_46019,14
video_46023,32
video_46024,5
video_46047,29
video_46070,30
video_46093,29
video_46133,14
video_46152,18
video_46198,22
video_4626,7
video_46286,23
video_46340,30
video_46347,5
video_46393,4
video_46495,29
video_46499,7
video_46502,30
video_46503,12
video_46565,12
video_46570,12
video_46615,31
video_46635,14
video_46652,12
video_46656,9
video_46664,29
video_4671,24
video_46758,12
video_46759,12
video_46773,3
video_46821,12
video_46857,31
video_4688,28
video_46896,23
video_46931,3
video_46956,5
video_46959,9
video_46981,28
video_47012,13
video_47020,19
video_47048,12
video_47053,5
video_47084,29
video_47103,7
video_47178,23
video_47201,1
video_47202,6
video_47213,22
video_47228,16
video_47231,3
video_47250,0
video_47275,21
video_47287,21
video_47334,11
video_4735,5
video_47418,1
video_47448,12
video_47449,5
video_47516,9
video_47525,3
video_47543,5
video_47591,23
video_47617,23
video_47705,2
video_47719,0
video_47745,8
video_47790,23
video_47807,1
video_47874,5
video_47876,8
video_47933,23
video_47948,12
video_47967,22
video_47968,32
video_47970,8
video_47974,1
video_48000,1
video_48043,29
video_48054,1
video_48079,25
video_48116,20
video_48124,18
video_48139,22
video_48174,20
video_48232,7
video_48245,21
video_48247,24
video_48260,13
video_48285,12
video_48287,21
video_48330,25
video_48338,31
video_48365,21
video_48374,14
video_4842,30
video_48447,4
video_48463,5
video_48471,28
video_48496,23
video_48529,6
video_48543,8
video_48546,1
video_48557,3
video_48571,14
video_48576,5
video_48616,32
video_48683,3
video_48719,1
video_48729,14
video_4873,8
video_48804,12
video_48834,11
video_48925,1
video_49011,8
video_4905,29
video_49067,0
video_4915,7
video_49218,22
video_4928,19
video_49296,9
video_49328,23
video_49361,30
video_4950,7
video_49512,0
video_49513,30
video_49531,32
video_49535,0
video_49575,31
video_49618,0
video_49621,12
video_49628,20
video_49685,14
video_49732,29
video_49736,9
video_498,4
video_4988,21
video_49928,12
video_50049,15
video_50057,3
video_50058,24
video_50060,23
video_50062,14
video_50101,3
video_5011,7
video_50119,3
video_50130,3
video_50145,9
video_50161,4
video_50176,31
video_50209,0
video_50248,14
video_50255,15
video_50287,8
video_50314,6
video_50357,0
video_50407,14
video_50442,6
video_5061,4
video_50611,1
video_50622,1
video_50684,14
video_50685,30
video_50687,3
video_50714,5
video_50761,23
video_50768,9
video_50778,12
video_50801,32
video_50809,0
video_50813,30
video_50819,30
video_50827,28
video_50861,1
video_50898,5
video_50948,3
video_50960,31
video_50979,14
video_51001,0
video_51006,6
video_51086,4
video_51154,6
video_51161,31
video_51182,1
video_51235,10
video_51293,21
video_51326,1
video_51341,14
video_51344,1
video_51377,6
video_51447,28
video_51471,21
video_51603,17
video_51612,14
video_51643,3
video_51665,6
video_51667,22
video_51680,29
video_51699,6
video_51735,1
video_51827,19
video_51840,3
video_5185,1
video_51878,3
video_51887,24
video_51894,1
video_51964,18
video_51980,10
video_51987,13
video_52006,17
video_52011,23
video_52012,4
video_52021,30
video_52030,14
video_52033,0
video_5204,13
video_52045,23
video_52110,1
video_52116,29
video_52123,9
video_52126,9
video_52177,24
video_52227,12
video_52282,30
video_52291,30
video_52389,0
video_52429,0
video_52434,1
video_52459,21
video_52471,1
video_52473,2
video_52476,18
video_52588,2
video_5274,7
video_5290,25
video_52959,18
video_52964,17
video_52988,11
video_53118,18
video_5312,14
video_53228,12
video_53265,5
video_5329,32
video_5332,16
video_53328,23
video_53383,8
video_53389,28
video_53400,0
video_53428,12
video_53439,22
video_53449,1
video_53450,16
video_53486,10
video_53513,12
video_53516,0
video_53517,32
video_53563,19
video_5359,14
video_53632,2
video_53669,9
video_53704,31
video_53732,12
video_53767,32
video_53831,12
video_5386,6
video_53876,25
video_53892,19
video_53894,3
video_53910,30
video_53914,23
video_53991,0
video_54035,12
video_54055,3
video_54151,8
video_5418,1
video_54197,9
video_54255,9
video_54317,16
video_54345,21
video_54369,28
video_54381,31
video_54395,1
video_54408,18
video_54411,1
video_54448,1
video_54498,14
video_54532,10
video_54760,5
video_54774,8
video_54902,12
video_54910,0
video_54927,6
video_54948,13
video_5496,30
video_550,1
video_55005,7
video_55021,1
video_5506,12
video_55215,30
video_55223,5
video_55237,13
video_55249,30
video_55277,20
video_55279,3
video_55298,10
video_55312,19
video_55324,8
video_55327,22
video_55344,20
video_55514,24
video_55517,28
video_55547,32
video_5557,6
video_55593,30
video_55630,7
video_55692,5
video_55746,1
video_55751,16
video_55772,4
video_55785,21
video_55816,32
video_55822,12
video_5583,8
video_55830,28
video_5584,22
video_55843,24
video_55845,29
video_55853,12
video_5586,28
video_55876,21
video_55887,24
video_55892,30
video_5592,21
video_56009,29
video_5601,32
video_56016,6
video_5607,12
video_56082,29
video_56096,32
video_56139,1
video_56153,1
video_56172,0
video_56174,12
video_56176,2
video_5619,31
video_56198,0
video_56209,1
video_56217,32
video_56218,18
video_56242,9
video_56246,16
video_56253,6
video_56338,22
video_56358,30
video_56365,11
video_56375,28
video_56377,5
video_56390,24
video_56416,12
video_56448,9
video_56450,12
video_56459,25
video_56460,12
video_56474,4
video_56556,10
video_56574,28
video_56600,14
video_56662,32
video_56665,6
video_56745,29
video_56746,0
video_56753,10
video_56756,12
video_5683,1
video_56878,22
video_56921,3
video_56998,1
video_57008,1
video_57058,19
video_57064,32
video_57101,3
video_57117,31
video_57166,18
video_57168,4
video_57171,4
video_57187,4
video_57253,9
video_57275,10
video_57308,13
video_5731,8
video_57349,12
video_57361,21
video_57376,22
video_57416,31
video_57422,18
video_57443,9
video_57538,3
video_57568,30
video_57584,4
video_57591,10
video_57616,31
video_57623,1
video_5763,9
video_57632,0
video_57648,9
video_5768,1
video_57700,30
video_57769,30
video_57789,17
video_57817,22
video_57839,7
video_5784,18
video_57893,12
video_57954,31
video_57968,9
video_57987,4
video_58087,1
video_5809,7
video_58103,28
video_58117,29
video_58153,0
video_58219,31
video_58318,9
video_58333,1
video_58334,4
video_58364,5
video_58421,5
video_58454,20
video_58516,5
video_58518,31
video_58529,31
video_58534,31
video_58670,10
video_58701,30
video_58719,1
video_58731,9
video_58743,1
video_58746,3
video_58798,9
video_58799,30
video_588,31
video_58882,9
video_58885,22
video_58998,8
video_59000,8
video_59016,19
video_59025,4
video_59032,19
video_59118,30
video_59119,1
video_59155,18
video_59157,3
video_5917,5
video_59178,9
video_59196,14
video_59228,21
video_59251,21
video_59265,12
video_59292,0
video_59314,23
video_59317,9
video_59346,12
video_59394,30
video_59402,12
video_59463,21
video_59496,12
video_59518,30
video_59519,22
video_59561,1
video_596,0
video_59604,31
video_59608,13
video_59609,1
video_59653,25
video_59677,10
video_59747,0
video_59877,5
video_59914,3
video_59928,30
video_59963,12
video_59980,9
video_59997,2
video_60054,12
video_60061,8
video_60080,6
video_60146,10
video_60161,23
video_60190,0
video_60211,23
video_6027,21
video_60319,20
video_60369,30
video_60390,30
video_604,1
video_60405,29
video_60427,13
video_60429,6
video_607,1
video_60773,14
video_60783,0
video_60840,28
video_60858,5
video_60876,22
video_60926,0
video_61026,1
video_61035,6
video_61048,23
video_61049,22
video_61066,18
video_61100,29
video_61120,31
video_61161,21
video_61197,1
video_61200,5
video_61209,8
video_61249,29
video_61280,7
video_61302,23
video_61332,5
video_61340,5
video_61350,14
video_61368,14
video_61376,12
video_61432,14
video_61555,21
video_61556,12
video_61571,3
video_6158,28
video_61581,0
video_61582,12
video_6160,14
video_61663,12
video_61689,12
video_61732,7
video_61793,3
video_61848,25
video_61872,5
video_61971,1
video_62014,15
video_62020,7
video_62034,0
video_6204,18
video_62040,8
video_62046,1
video_62139,19
video_62172,31
video_62342,29
video_6235,22
video_62363,1
video_62390,29
video_62400,23
video_62405,29
video_6250,0
video_62520,3
video_62574,12
video_62585,1
video_62635,3
video_62749,7
video_62847,2
video_62851,24
video_62876,12
video_6289,21
video_62917,10
video_62975,24
video_62988,5
video_62997,22
video_63028,25
video_63052,14
video_63066,21
video_63074,25
video_63075,12
video_63079,1
video_63144,3
video_63149,24
video_63169,8
video_6324,7
video_63329,32
video_63339,19
video_63505,6
video_63507,14
video_63511,31
video_63513,1
video_63574,13
video_63576,18
video_63583,6
video_63592,9
video_63601,24
video_63602,1
video_63603,21
video_63627,1
video_63649,0
video_63690,4
video_63701,30
video_6372,30
video_63727,0
video_63748,9
video_63768,32
video_63799,22
video_63835,5
video_63845,1
video_63856,25
video_63865,9
video_63868,21
video_63958,22
video_63968,1
video_63994,8
video_64000,10
video_64004,0
video_64010,1
video_64093,31
video_64183,16
video_64200,15
video_64242,12
video_64247,1
video_64275,5
video_64283,22
video_64318,30
video_64354,30
video_64364,30
video_64468,5
video_64536,0
video_64579,8
video_64653,21
video_64659,14
video_64670,18
video_64676,21
video_64698,1
video_64772,4
video_64782,13
video_64844,12
video_64866,12
video_6487,22
video_64891,9
video_64896,18
video_64936,30
video_64939,21
video_64946,3
video_64954,14
video_64984,7
video_65057,30
video_65079,31
video_65103,25
video_65136,32
video_65190,0
video_65236,0
video_65242,1
video_65243,28
video_65246,14
video_6528,11
video_65288,22
video_65305,4
video_65332,8
video_65353,32
video_65392,1
video_65427,12
video_65438,8
video_65447,19
video_65451,1
video_65452,8
video_65474,23
video_65528,28
video_6558,29
video_65587,31
video_656,1
video_65624,31
video_65686,12
video_65750,14
video_65773,9
video_65774,18
video_65782,9
video_65786,8
video_65791,0
video_65795,20
video_65840,14
video_65938,7
video_6595,21
video_66001,1
video_66023,7
video_66053,1
video_66075,1
video_66133,4
video_66148,32
video_6615,10
video_66151,5
video_66177,21
video_66210,1
video_66249,4
video_66265,1
video_66275,5
video_66330,31
video_66350,5
video_66375,5
video_66441,8
video_66483,29
video_66515,21
video_66537,28
video_66553,22
video_66567,2
video_66697,22
video_66709,1
video_66718,12
video_6672,19
video_66762,13
video_66805,30
video_66830,12
video_66862,12
video_66910,28
video_66933,6
video_66959,10
video_66980,23
video_66984,20
video_67027,18
video_67086,8
video_67105,1
video_67172,25
video_67204,9
video_67256,20
video_67258,20
video_6727,22
video_67290,29
video_67330,15
video_67364,6
video_67374,3
video_67383,1
video_67429,0
video_67473,6
video_67484,28
video_67497,12
video_675,22
video_67509,29
video_67518,28
video_67568,9
video_67614,12
video_67625,25
video_67686,31
video_67690,14
video_67701,12
video_67705,23
video_67713,25
video_67731,31
video_67765,21
video_67773,18
video_67803,0
video_6783,1
video_67857,20
video_6786,12
video_67861,20
video_67892,28
video_67998,32
video_68002,5
video_68018,14
video_68052,1
video_68055,12
video_68092,1
video_68104,8
video_6811,31
video_68113,14
video_68141,14
video_68190,8
video_68286,10
video_68320,22
video_68337,31
video_68347,6
video_6843,23
video_6850,23
video_68532,8
video_68535,30
video_6859,32
video_68590,29
video_68596,4
video_68603,23
video_68651,0
video_68675,6
video_68813,11
video_68875,12
video_68998,5
video_69014,1
video_69017,17
video_69030,9
video_69100,32
video_69124,28
video_69134,10
video_69200,7
video_69278,13
video_6931,20
video_69341,14
video_69343,10
video_69382,20
video_69447,7
video_69509,31
video_69511,4
video_69540,28
video_69549,23
video_69576,17
video_69585,17
video_69588,3
video_6963,1
video_69632,1
video_69640,2
video_69651,5
video_69658,0
video_69670,3
video_69684,21
video_69691,5
video_69724,17
video_69738,14
video_69764,0
video_69788,11
video_69842,21
video_69855,4
video_69922,9
video_70012,0
video_70035,3
video_70109,29
video_70113,16
video_70152,12
video_70182,4
video_70197,8
video_7022,29
video_70224,6
video_70237,3
video_70293,24
video_70295,12
video_70319,10
video_70322,22
video_7033,7
video_7035,5
video_70353,6
video_70399,7
video_704,30
video_70460,12
video_70490,19
video_70526,30
video_70605,3
video_70623,20
video_70640,1
video_70698,7
video_70705,22
video_7071,30
video_70715,1
video_70748,9
video_70866,14
video_70893,31
video_70895,4
video_70914,7
video_70933,8
video_70939,2
video_70958,6
video_7102,24
video_71056,12
video_71084,3
video_71123,28
video_7115,1
video_71197,14
video_71258,1
video_71276,6
video_71294,8
video_71310,0
video_71331,17
video_71349,28
video_71367,22
video_71401,7
video_71404,31
video_7141,14
video_71414,0
video_71459,1
video_71569,10
video_71628,8
video_71638,7
video_71663,12
video_71673,9
video_71825,32
video_71828,3
video_71866,1
video_71946,5
video_72000,9
video_72017,4
video_72039,6
video_72071,6
video_72090,14
video_72111,30
video_72133,28
video_72161,12
video_72191,30
video_7235,4
video_72405,25
video_72578,13
video_72591,9
video_72597,20
video_72621,9
video_72650,24
video_72683,9
video_72713,10
video_72732,19
video_72740,7
video_72752,20
video_72762,8
video_72771,30
video_72781,30
video_72881,0
video_72933,4
video_7294,4
video_72984,30
video_730,0
video_73004,5
video_73013,20
video_73015,18
video_73041,14
video_73050,3
video_73077,23
video_73079,15
video_73084,19
video_73162,8
video_73178,29
video_73203,22
video_73230,1
video_73251,31
video_73254,6
video_7328,25
video_73280,0
video_73304,9
video_73389,6
video_73400,3
video_73443,9
video_7346,12
video_73533,12
video_73562,3
video_7357,19
video_73614,12
video_73626,30
video_73645,5
video_73648,7
video_73659,3
video_73694,9
video_73704,0
video_73731,12
video_73748,9
video_73768,6
video_73772,8
video_73783,19
video_73910,28
video_73956,1
video_7397,29
video_7400,15
video_74011,6
video_74030,1
video_74040,29
video_74043,22
video_7409,5
video_74093,15
video_74159,31
video_74161,23
video_74174,1
video_74212,19
video_74215,7
video_74223,30
video_74244,9
video_74361,12
video_74368,28
video_74373,19
video_74410,28
video_74417,10
video_74490,3
video_74501,30
video_74502,22
video_74553,6
video_74597,30
video_74609,1
video_74622,4
video_74646,1
video_74677,22
video_7468,0
video_74693,1
video_74700,32
video_74722,28
video_74780,29
video_74781,18
video_74784,1
video_74806,6
video_74867,14
video_74903,4
video_74958,6
video_74974,24
video_75041,12
video_75059,29
video_75070,6
video_7511,29
video_75128,30
video_75133,8
video_75144,25
video_75182,4
video_75222,0
video_7524,20
video_75286,5
video_75300,3
video_75329,31
video_75363,21
video_75365,9
video_75406,31
video_75427,4
video_75448,12
video_75507,6
video_75534,24
video_75616,12
video_75694,3
video_75711,12
video_75726,14
video_75729,9
video_75765,30
video_75799,8
video_75813,20
video_75853,8
video_75862,22
video_75956,30
video_75968,11
video_76001,14
video_76018,0
video_76052,12
video_76067,21
video_76085,29
video_76092,30
video_76205,6
video_76236,7
video_76248,7
video_76251,8
video_76279,9
video_76348,14
video_76350,32
video_7641,5
video_76481,19
video_76486,10
video_76539,9
video_7656,31
video_76586,9
video_7666,23
video_76674,25
video_76717,1
video_76778,9
video_76783,31
video_76826,30
video_7684,30
video_76898,7
video_76909,19
video_76927,10
video_76947,14
video_76958,1
video_76960,5
video_76997,22
video_77034,0
video_77040,9
video_77102,9
video_77156,6
video_77160,6
video_77189,5
video_77232,28
video_77251,0
video_7735,23
video_77352,0
video_77372,5
video_77385,1
video_774,30
video_77411,12
video_77423,1
video_77430,21
video_77448,3
video_7745,23
video_77464,3
video_77498,0
video_77504,1
video_77540,14
video_77613,30
video_77645,3
video_77658,19
video_77663,4
video_7768,14
video_77747,29
video_77776,28
video_77830,6
video_77836,24
video_77837,4
video_77838,17
video_77845,1
video_77910,1
video_77920,30
video_77952,1
video_77969,14
video_77985,30
video_77996,13
video_78005,30
video_78016,9
video_78033,4
video_78079,23
video_78130,0
video_78163,6
video_78182,4
video_78186,4
video_78210,6
video_78228,8
video_78349,2
video_78366,20
video_78411,0
video_78412,1
video_78440,7
video_78442,0
video_78514,9
video_78525,14
video_78547,25
video_78562,31
video_78653,5
video_78668,10
video_78686,18
video_78702,23
video_78703,15
video_78715,6
video_78785,14
video_78824,29
video_78832,8
video_78860,28
video_78920,1
video_78923,30
video_78924,26
video_78962,0
video_78965,2
video_78972,13
video_78976,12
video_79009,25
video_79046,4
video_79081,23
video_79095,23
video_79142,28
video_79176,1
video_79183,12
video_79238,30
video_79245,3
video_79278,22
video_7930,1
video_79326,1
video_79346,9
video_79348,18
video_79359,30
video_79360,6
video_79367,6
video_79391,22
video_79394,3
video_79409,16
video_79450,31
video_79461,9
video_79475,23
video_7948,4
video_79494,9
video_79527,23
video_79568,4
video_79573,0
video_79580,22
video_79622,1
video_79657,9
video_79691,29
video_79722,6
video_79727,1
video_79745,7
video_79756,4
video_79772,10
video_79853,10
video_79881,5
video_79929,32
video_7995,24
video_80017,25
video_80018,3
video_80056,29
video_80137,24
video_80164,30
video_80192,9
video_80314,23
video_80355,21
video_80381,6
video_80467,6
video_80493,5
video_80499,25
video_80516,10
video_80541,23
video_80546,1
video_80616,30
video_80682,31
video_80719,16
video_80809,30
video_8081,24
video_80827,30
video_80830,17
video_80832,28
video_80887,31
video_80903,21
video_80914,0
video_8093,1
video_80942,12
video_80949,28
video_81015,4
video_81077,20
video_81125,31
video_81174,5
video_81178,5
video_81197,28
video_8125,14
video_81288,0
video_81302,14
video_81331,21
video_81344,1
video_81349,30
video_81362,9
video_81364,30
video_81451,7
video_81458,8
video_81491,1
video_8150,29
video_81504,1
video_81535,0
video_81557,30
video_81560,31
video_81581,20
video_81663,24
video_81768,21
video_81770,31
video_81779,25
video_81808,0
video_81831,12
video_81903,28
video_81917,0
video_81936,32
video_81963,8
video_81995,9
video_81997,29
video_82044,8
video_82084,23
video_82127,22
video_82232,21
video_82233,20
video_82254,3
video_82258,4
video_8226,22
video_82315,5
video_8241,8
video_8243,10
video_82462,12
video_82473,8
video_82490,4
video_82495,20
video_82565,3
video_82569,12
video_82600,2
video_82629,7
video_82716,9
video_82728,1
video_82730,21
video_82731,32
video_82759,31
video_82832,14
video_82857,6
video_82925,10
video_82932,12
video_83062,8
video_8311,0
video_83148,24
video_83173,4
video_83231,12
video_83326,1
video_83328,23
video_83337,3
video_83357,3
video_83408,24
video_83497,24
video_83534,21
video_83575,8
video_83596,1
video_83631,31
video_83643,17
video_83647,14
video_8365,1
video_83670,0
video_83672,6
video_83721,22
video_8373,12
video_83738,4
video_83771,29
video_83782,14
video_83808,31
video_83849,14
video_83889,14
video_83927,1
video_8396,14
video_84010,12
video_84022,0
video_84033,8
video_84084,15
video_84096,29
video_84183,31
video_84193,9
video_8423,30
video_84319,14
video_84411,22
video_84470,30
video_84525,11
video_84566,23
video_84583,1
video_8459,25
video_84591,18
video_84624,2
video_84630,5
video_84648,25
video_84798,4
video_84850,29
video_84852,3
video_84922,0
video_85126,1
video_85183,9
video_85228,19
video_85271,7
video_85272,1
video_85278,1
video_85325,1
video_85343,30
video_85383,14
video_85439,8
video_85449,12
video_85471,4
video_85550,9
video_85552,10
video_85566,20
video_85613,30
video_85627,8
video_85633,0
video_85666,13
video_8567,31
video_85672,10
video_85714,28
video_8573,24
video_85737,3
video_8574,18
video_85751,8
video_85824,9
video_85849,13
video_85850,5
video_85904,23
video_85933,6
video_85987,8
video_86020,30
video_86023,12
video_86034,14
video_86077,24
video_86123,9
video_86151,3
video_86160,1
video_86176,17
video_86254,28
video_86262,14
video_86349,4
video_86386,12
video_8639,9
video_86441,32
video_86478,4
video_86482,1
video_86517,19
video_86552,30
video_866,10
video_86606,28
video_86682,1
video_86712,30
video_86786,19
video_86853,9
video_86865,1
video_86918,32
video_86950,1
video_86973,3
video_86985,6
video_87007,24
video_87046,19
video_87086,5
video_87103,24
video_87113,28
video_87176,31
video_87184,12
video_87277,32
video_87346,19
video_87371,12
video_87391,1
video_87400,29
video_87417,1
video_87431,1
video_87439,31
video_87511,30
video_87573,17
video_87597,5
video_87611,10
video_87614,14
video_87649,9
video_8766,6
video_87667,1
video_87703,4
video_87736,32
video_87780,3
video_87794,14
video_8788,1
video_87908,23
video_87940,12
video_87950,1
video_88016,14
video_8804,10
video_88104,4
video_88136,30
video_88168,30
video_8817,19
video_88176,8
video_88184,29
video_88216,21
video_88224,19
video_88236,31
video_88248,30
video_88391,7
video_88408,29
video_88425,5
video_88455,3
video_88558,8
video_88629,12
video_88674,18
video_88696,13
video_88725,12
video_88727,18
video_88751,4
video_88824,15
video_88831,8
video_88932,9
video_88966,21
video_89029,1
video_89041,21
video_89042,32
video_8907,12
video_89125,6
video_8917,16
video_89186,12
video_89219,9
video_89326,20
video_89345,18
video_89413,28
video_89418,15
video_89441,21
video_89472,3
video_89484,3
video_89516,20
video_89518,21
video_89644,4
video_89664,20
video_89795,24
video_89869,28
video_89885,12
video_89910,32
video_8993,6
video_89941,12
video_89946,17
video_90017,7
video_90020,20
video_9004,14
video_90060,9
video_90072,14
video_90100,10
video_90108,30
video_90176,12
video_90185,1
video_90193,32
video_90245,25
video_90295,3
video_90314,9
video_90343,18
video_90354,3
video_90363,19
video_90389,21
video_90390,12
video_90469,13
video_90499,7
video_90515,21
video_90546,0
video_90606,23
video_9066,19
video_90700,28
video_90716,29
video_90731,9
video_90732,20
video_90750,6
video_90760,6
video_90842,10
video_9089,19
video_90923,14
video_90934,30
video_90950,21
video_91027,5
video_91065,20
video_9112,32
video_91121,5
video_91143,30
video_91167,18
video_91243,1
video_91260,12
video_9146,9
video_91487,14
video_9149,6
video_91493,28
video_91501,13
video_91502,1
video_91525,5
video_91550,20
video_91593,12
video_91598,14
video_91620,9
video_91635,4
video_9164,23
video_91651,30
video_91666,12
video_91679,9
video_91686,23
video_91740,24
video_91813,32
video_91845,28
video_9192,25
video_91925,23
video_91928,5
video_91979,1
video_91982,21
video_92015,9
video_92016,4
video_9204,7
video_92054,30
video_92083,7
video_92084,8
video_92106,23
video_92111,2
video_92138,6
video_92170,8
video_92205,14
video_92218,31
video_9224,0
video_923,12
video_92309,20
video_92323,22
video_92332,12
video_92425,3
video_92445,12
video_92513,6
video_92563,30
video_92564,30
video_92582,6
video_92599,6
video_92761,31
video_92766,12
video_92784,1
video_92815,31
video_92876,1
video_92917,1
video_92954,13
video_93016,21
video_93065,9
video_93106,1
video_93120,20
video_93136,9
video_93148,9
video_93150,8
video_93173,1
video_9324,32
video_93240,3
video_93289,10
video_93336,8
video_93468,29
video_93477,9
video_93479,29
video_93480,28
video_93488,14
video_93516,1
video_93578,29
video_93703,9
video_93729,12
video_93778,13
video_93791,10
video_93841,9
video_93855,0
video_93887,6
video_93928,13
video_93954,23
video_93968,10
video_94012,23
video_94080,9
video_94084,1
video_94086,18
video_94091,21
video_94094,0
video_94130,4
video_94163,1
video_94164,32
video_9420,25
video_94219,5
video_94266,30
video_94270,6
video_943,30
video_94308,31
video_94321,9
video_94379,4
video_9438,18
video_94414,29
video_94440,30
video_94450,30
video_94476,9
video_94489,6
video_94510,5
video_94536,12
video_94564,16
video_9457,1
video_94584,24
video_94593,28
video_94619,0
video_94631,0
video_94680,4
video_94697,23
video_94768,1
video_94772,0
video_94782,0
video_9486,14
video_94864,7
video_94913,21
video_94952,19
video_94973,31
video_95016,17
video_95066,12
video_9507,1
video_95144,7
video_95183,10
video_95207,30
video_95223,12
video_95235,30
video_95247,1
video_95259,18
video_95266,31
video_95292,22
video_95297,9
video_95314,9
video_95316,31
video_9532,3
video_95331,18
video_95373,14
video_95401,12
video_95410,29
video_95417,28
video_9547,16
video_95510,18
video_9562,9
video_95630,29
video_95687,4
video_9573,22
video_95735,1
video_95799,28
video_95806,1
video_95810,22
video_95823,0
video_95832,1
video_95850,6
video_95854,22
video_95871,3
video_95887,4
video_95988,30
video_95994,30
video_96046,1
video_9607,9
video_96121,7
video_96131,1
video_96176,7
video_96194,7
video_96235,29
video_96262,30
video_96264,20
video_96269,28
video_96301,30
video_96304,14
video_96335,12
video_96351,29
video_96352,21
video_96403,30
video_96418,9
video_96432,32
video_96435,13
video_96439,1
video_96470,29
video_965,1
video_96501,19
video_96504,3
video_9651,29
video_96514,7
video_96630,0
video_96631,30
video_96637,14
video_96668,9
video_96673,18
video_96680,30
video_967,6
video_9673,19
video_96757,17
video_96761,31
video_96791,4
video_96896,7
video_97004,1
video_97011,6
video_9702,30
video_97026,12
video_97079,25
video_971,12
video_97107,7
video_97167,23
video_97188,8
video_97212,6
video_9724,12
video_97246,5
video_97249,12
video_97286,7
video_97317,30
video_97319,14
video_97328,20
video_97338,2
video_97404,17
video_97411,30
video_97500,5
video_97508,28
video_97514,5
video_97528,13
video_9755,8
video_97627,29
video_97648,1
video_97664,6
video_97758,4
video_97785,6
video_97787,29
video_97864,1
video_97867,10
video_97890,7
video_97956,5
video_97962,29
video_97989,7
video_97990,1
video_98004,4
video_98006,23
video_98064,29
video_98112,19
video_98115,5
video_98138,12
video_98180,8
video_98189,30
video_98289,30
video_98319,23
video_98372,11
video_98373,8
video_98387,20
video_984,1
video_98406,22
video_98424,9
video_98427,8
video_98461,31
video_98471,31
video_98496,10
video_98502,23
video_98504,9
video_98515,12
video_98556,13
video_98565,7
video_98673,29
video_98693,22
video_98711,1
video_98737,31
video_98752,4
video_98762,7
video_98779,14
video_98798,4
video_98807,29
video_98808,9
video_98826,30
video_98856,1
video_98911,21
video_98921,2
video_98950,12
video_98988,21
video_98990,32
video_99015,23
video_99017,30
video_99044,22
video_99058,0
video_9909,9
video_99121,4
video_99153,1
video_99171,15
video_9918,12
video_99188,0
video_99220,1
video_99228,4
video_99230,12
video_99254,5
video_99305,8
video_99315,24
video_99317,14
video_99328,23
video_99335,8
video_99379,29
video_9941,29
video_99412,29
video_99485,6
video_99503,32
video_99532,3
video_9957,31
video_99570,1
video_99591,4
video_99594,32
video_99595,30
video_99603,14
video_99607,25
video_99619,32
video_99701,29
video_99717,12
video_99789,12
video_99805,29
video_99867,1
video_99870,6
video_99886,15
video_99942,25
video_99953,9
